"PO_ID","LINE_ID","SHIPMENT_ID","CATEGORY_ID","CANCEL_FLAG","UOM","AMOUNT","QTY","GEOGRAPHY_ID","CONTRACT_ID","CONTRACT_LINE_ID","CONTRACT_PRICE_BREAK","ORIGINAL_DUE_DATE","LATEST_DUE_DATE","SHIPMENT_LINE"
3595,3515,3573,31,"N","Each",55,1,207,,,,,,1
3595,3515,3574,31,"N","Each",5500,100,207,,,,,,2
3595,3515,3575,31,"N","Each",11000,200,207,,,,,,3
3595,3515,3576,31,"N","Each",16500,300,207,,,,,,4
77588,97183,186339,1,"N","Each",2220,2,207,,,,06/JUN/06,06/JUN/06,1
79326,99390,189853,1354,"N","Week",101400,3.9,20795,,,,02/JUL/06,02/JUL/06,1
79327,99391,189854,1,"N","Each",35856,1,204,,,,,,1
79328,99392,189855,1,"N","EA",819,1,204,,,,,,1
79538,99646,190289,1353,"N","HRS",504000,1440,20795,,,,07/JUL/06,07/JUL/06,1
79456,99557,190140,1,"N","Each",3045,1,204,,,,,,1
79573,99697,190360,2757,"N","Each",15000,100,207,,,,07/JUL/06,07/JUL/06,1
79668,99876,190547,1,"N","Each",2520,1,204,,,,,,1
79669,99877,190548,1,"N","Each",34669,1,204,,,,,,1
79674,99898,190561,2757,"N","Each",15000,100,207,,,,10/JUL/06,10/JUL/06,1
79667,99875,190538,21,"N","Each",39000,26,20795,,,,08/JUL/06,08/JUL/06,1
79665,99873,190536,1354,"N","Week",390000,15.6,20795,,,,08/JUL/06,08/JUL/06,1
79714,99958,190621,1,"N","Each",249.5,10,1996,,,,10/JUL/06,10/JUL/06,1
79714,99959,190622,1,"N","Each",247.5,50,1996,,,,10/JUL/06,10/JUL/06,1
79714,99960,190623,1,"N","Each",497.5,50,1996,,,,10/JUL/06,10/JUL/06,1
79714,99961,190624,1,"N","Each",199,20,1996,,,,10/JUL/06,10/JUL/06,1
79714,99962,190625,1,"N","Each",249.5,10,1997,,,,10/JUL/06,10/JUL/06,1
79714,99963,190626,1,"N","Each",247.5,50,1997,,,,10/JUL/06,10/JUL/06,1
79714,99964,190627,1,"N","Each",497.5,50,1997,,,,10/JUL/06,10/JUL/06,1
79714,99965,190628,1,"N","Each",199,20,1997,,,,10/JUL/06,10/JUL/06,1
79798,100064,190727,1,"N","EA",871,1,204,,,,,,1
79874,100138,190821,1,"N","Dollars",2,2,204,,,,12/JUL/06,12/JUL/06,1
79875,100139,190822,1,"N","Dollars",3,3,204,,,,12/JUL/06,12/JUL/06,1
80134,100498,191545,2757,"N","Each",15000,100,207,,,,17/JUL/06,17/JUL/06,1
80179,100563,191630,1354,"N","Week",507000,19.5,20795,,,,18/JUL/06,18/JUL/06,1
80116,100495,191541,1,"N","Each",2982,1,204,,,,,,1
80327,100713,192091,36,"N","Each",13750,275,20795,,,,21/JUL/06,21/JUL/06,1
80266,100650,191988,36,"N","Each",23030,47,20795,,,,20/JUL/06,20/JUL/06,1
80605,101129,192607,30,"N","Each",52195,55,20795,,,,27/JUL/06,27/JUL/06,1
80566,101090,192511,1354,"N","Week",304200,11.7,20795,,,,26/JUL/06,26/JUL/06,1
80604,101128,192606,1353,"N","HRS",98100,218,20795,,,,27/JUL/06,27/JUL/06,1
80831,101455,193375,1354,"N","Week",101400,3.9,20795,,,,03/AUG/06,03/AUG/06,1
80891,101535,193476,1,"N","EA",820,1,204,,,,,,1
80709,101273,193066,1,"N","Each",1500,1,207,,,,01/AUG/06,01/AUG/06,1
80793,101417,193253,1,"N","Each",35912,1,204,,,,,,1
81196,101942,194002,21,"N","Each",39000,26,20795,,,,10/AUG/06,10/AUG/06,1
81054,101758,193718,1353,"N","HRS",62400,156,20795,,,,08/AUG/06,08/AUG/06,1
81055,101759,193719,1353,"N","HRS",498400,1424,20795,,,,08/AUG/06,08/AUG/06,1
81059,101764,193724,1,"N","Each",2524,1,204,,,,,,1
81155,101901,193861,1354,"N","Week",390000,15.6,20795,,,,09/AUG/06,09/AUG/06,1
81197,101943,194003,1,"N","Each",34724,1,204,,,,,,1
80983,101651,193611,1,"N","Each",3050,1,204,,,,,,1
81195,101941,194001,21,"N","Each",92500,37,20795,,,,10/AUG/06,10/AUG/06,1
79539,99647,190290,1353,"N","HRS",62800,157,20795,,,,07/JUL/06,07/JUL/06,1
79666,99874,190537,21,"N","Each",92500,37,20795,,,,08/JUL/06,08/JUL/06,1
80038,100304,191327,1,"N","Each",483,1,204,,,,,,1
81346,104143,194520,3124,"N","Each",10000,20,10545,,,,23/AUG/06,23/AUG/06,1
81346,104144,194521,3124,"N","Each",6500,20,10545,,,,23/AUG/06,23/AUG/06,1
81399,104214,194779,2757,"N","Each",15000,100,207,,,,24/AUG/06,24/AUG/06,1
81478,104336,195214,36,"N","Each",129.14,1,204,,,,01/SEP/06,01/SEP/06,1
81475,104333,195210,36,"N","EA",643,1,204,81314,103030,,01/SEP/06,01/SEP/06,1
81476,104334,195211,36,"N","EA",643,1,204,81314,103030,,01/SEP/06,01/SEP/06,1
81477,104335,195212,36,"N","EA",643,1,204,81314,103030,,01/SEP/06,01/SEP/06,1
81919,105042,196661,3117,"N","Currency",1000,1,204,,,,,,0
81919,105042,196662,3117,"N","Currency",2000,1,204,,,,11/OCT/06,11/OCT/06,1
81919,105042,196663,3117,"N","Day",4000,10,204,,,,11/OCT/06,11/OCT/06,2
81919,105042,196664,3117,"N","Currency",4000,1,204,,,,11/OCT/06,11/OCT/06,3
81859,104982,196521,1,"N","Each",500,1,204,,,,11/OCT/06,11/OCT/06,1
81859,104984,196523,36,"N","Each",30,1,204,,,,11/OCT/06,11/OCT/06,1
81840,104963,196483,36,"N","EA",1286,2,1737,81314,103030,,11/OCT/06,11/OCT/06,1
82059,105202,196861,3117,"N","Currency",1000,1,204,,,,,,0
82059,105202,196862,3117,"N","Currency",2000,1,204,,,,11/OCT/06,11/OCT/06,1
82059,105202,196863,3117,"N","Day",4000,10,204,,,,11/OCT/06,11/OCT/06,2
82059,105202,196864,3117,"N","Currency",4000,1,204,,,,11/OCT/06,11/OCT/06,3
82079,105222,196881,1,"N","Each",1164,24,2402,,,,14/SEP/06,14/SEP/06,1
82046,105180,196839,1354,"N","Week",507000,19.5,20795,,,,18/AUG/06,18/AUG/06,1
82046,105181,196840,1354,"N","Week",304200,11.7,20795,,,,26/AUG/06,26/AUG/06,1
82046,105182,196841,1354,"N","Week",119600,4.6,20795,,,,02/SEP/06,02/SEP/06,1
82047,105183,196842,30,"N","Each",52195,55,20795,,,,25/AUG/06,25/AUG/06,1
82049,105185,196844,21,"N","Each",95000,38,20795,,,,09/SEP/06,09/SEP/06,1
82050,105186,196845,36,"N","Each",23030,47,20795,,,,19/AUG/06,19/AUG/06,1
82051,105187,196846,36,"N","Each",13600,272,20795,,,,22/AUG/06,16/SEP/06,1
82052,105188,196847,21,"N","Each",40500,27,20795,,,,09/SEP/06,09/SEP/06,1
82053,105189,196848,1353,"N","HRS",72800,182,20795,,,,09/SEP/06,09/SEP/06,1
82054,105190,196849,1353,"N","HRS",582400,1664,20795,,,,09/SEP/06,09/SEP/06,1
81839,104962,196481,36,"N","EA",1286,2,204,81314,103030,,14/SEP/06,14/SEP/06,1
81842,104964,196484,1,"N","Each",17870.85,25,207,,,,18/SEP/06,18/SEP/06,1
82269,105483,197223,1354,"N","Week",598000,23,20795,,,,19/SEP/06,19/SEP/06,1
82293,105519,197260,37,"N","EA",26685,300,207,81315,103828,,26/SEP/06,26/SEP/06,1
82356,105601,197401,113,"N","Currency",10000,1,207,,,,25/OCT/06,25/OCT/06,1
82356,105601,197402,113,"N","Currency",2000,1,207,,,,27/SEP/06,27/SEP/06,1
82356,105601,197421,113,"N","Currency",1000,1,207,,,,,,0
82356,105601,197422,113,"N","Day",3000,10,207,,,,27/SEP/06,27/SEP/06,2
82356,105601,197423,113,"N","Currency",1000,1,207,,,,27/SEP/06,27/SEP/06,3
82271,105497,197237,3097,"N","Each",12500,500,207,,,,19/SEP/06,19/SEP/06,1
82271,105498,197238,3097,"N","Each",10500,500,207,,,,19/SEP/06,19/SEP/06,1
82271,105499,197239,3097,"N","Each",33000,500,207,,,,19/SEP/06,19/SEP/06,1
82271,105500,197240,3097,"N","Each",20000,500,207,,,,19/SEP/06,19/SEP/06,1
82271,105501,197241,3097,"N","Each",19500,500,207,,,,19/SEP/06,19/SEP/06,1
82334,105577,197377,36,"N","Each",26950,55,20795,,,,20/SEP/06,20/SEP/06,1
82375,105621,197441,36,"N","Each",15900,318,20795,,,,21/SEP/06,21/SEP/06,1
82291,105517,197257,36,"N","EA",643,1,204,81314,103030,,22/SEP/06,22/SEP/06,1
82292,105518,197259,37,"N","EA",66.15,1,204,81315,103829,,22/SEP/06,22/SEP/06,1
82747,128688,198135,1,"N","Each",1164,24,2402,,,,27/SEP/06,27/SEP/06,1
82746,128678,198124,1,"N","Each",17870.85,25,207,,,,29/SEP/06,29/SEP/06,1
82605,110517,197819,1,"N","Each",270,10,1996,,,,25/SEP/06,25/SEP/06,1
82605,110518,197820,1,"N","Each",300,50,1996,,,,25/SEP/06,25/SEP/06,1
82605,110519,197821,1,"N","Each",600,50,1996,,,,25/SEP/06,25/SEP/06,1
82605,110520,197822,1,"N","Each",240,20,1996,,,,25/SEP/06,25/SEP/06,1
82605,110521,197823,1,"N","Each",270,10,1997,,,,25/SEP/06,25/SEP/06,1
82605,110522,197824,1,"N","Each",300,50,1997,,,,25/SEP/06,25/SEP/06,1
82605,110523,197825,1,"N","Each",600,50,1997,,,,25/SEP/06,25/SEP/06,1
82605,110524,197826,1,"N","Each",360,30,1997,,,,25/SEP/06,25/SEP/06,1
82665,128573,197915,1354,"N","Week",358800,13.8,20795,,,,26/SEP/06,26/SEP/06,1
82785,128718,198164,1,"N","Each",106.25,25,207,,,,29/SEP/06,29/SEP/06,1
82785,128719,198165,1,"N","Each",7148.34,10,207,,,,29/SEP/06,29/SEP/06,1
82523,105811,197672,30,"N","Each",574.2,4,207,82522,105810,,25/SEP/06,25/SEP/06,1
82524,105812,197673,36,"N","EA",1799,20,204,81314,102625,,22/OCT/06,22/OCT/06,1
82606,110525,197827,36,"N","EA",399.95,5,204,81314,102620,,25/OCT/06,25/OCT/06,1
83456,133031,201417,1,"N","EA",839,1,204,,,,,,1
83312,131727,201233,1354,"N","Week",109200,4.2,20795,,,,03/OCT/06,03/OCT/06,1
83125,131418,200864,30,"N","Each",19424,4856,207,,,,29/SEP/06,29/SEP/06,1
83125,131419,200865,32,"N","Each",25670,5134,207,,,,29/SEP/06,29/SEP/06,1
83125,131420,200866,35,"N","POUND",6900,10000,207,,,,29/SEP/06,29/SEP/06,1
83125,131421,200867,35,"N","Pounds",5720.52,10036,207,,,,29/SEP/06,29/SEP/06,1
83125,131422,200868,35,"N","Pounds",5733.06,10058,207,,,,29/SEP/06,29/SEP/06,1
83125,131423,200869,35,"N","Pounds",8487,12300,207,,,,29/SEP/06,29/SEP/06,1
83313,131728,201234,1,"N","Each",36714,1,204,,,,,,1
83225,131518,201004,30,"N","Each",60736,64,20795,,,,29/SEP/06,29/SEP/06,1
82906,129639,199085,1,"N","Each",500,1,204,,,,28/OCT/06,28/OCT/06,1
82906,129640,199086,36,"N","Each",30,1,204,,,,28/OCT/06,28/OCT/06,1
83205,131498,200984,1353,"N","HRS",112500,250,20795,,,,29/SEP/06,29/SEP/06,1
83602,133261,201781,1354,"N","Week",420000,16.8,20795,,,,07/OCT/06,07/OCT/06,1
83603,133262,201782,1,"N","Each",3118,1,204,,,,,,1
83604,133263,201783,1,"N","Each",2580,1,204,,,,,,1
83763,133524,202064,1,"N","Each",35499,1,204,,,,,,1
83684,133345,201867,1353,"N","HRS",540400,1544,20795,,,,10/OCT/06,10/OCT/06,1
83685,133346,201868,1353,"N","HRS",67600,169,20795,,,,10/OCT/06,10/OCT/06,1
83686,133347,201869,21,"N","Each",95000,38,20795,,,,10/OCT/06,10/OCT/06,1
83687,133348,201870,21,"N","Each",40500,27,20795,,,,10/OCT/06,10/OCT/06,1
83989,135066,202607,36,"N","EA",49,50,204,83988,133957,,16/NOV/06,16/NOV/06,1
84113,135296,202983,36,"N","Each",24990,51,20795,,,,20/OCT/06,20/OCT/06,1
83963,133864,202527,1,"N","Each",3053,1,204,,,,,,1
83829,133672,202293,1,"N","EA",892,1,204,,,,,,1
83903,133784,202447,1,"N","Each",495,1,204,,,,,,1
84023,135164,202704,1354,"N","Week",546000,21,20795,,,,18/OCT/06,18/OCT/06,1
84146,135415,203116,36,"N","Each",14800,296,20795,,,,21/OCT/06,21/OCT/06,1
84289,135527,203280,30,"N","Each",55991,59,20795,,,,25/OCT/06,25/OCT/06,1
84315,135557,203337,1353,"N","HRS",104400,232,20795,,,,26/OCT/06,26/OCT/06,1
84314,135556,203336,1354,"N","Week",327600,12.6,20795,,,,26/OCT/06,26/OCT/06,1
84408,135646,203459,36,"N","Each",25,1,204,,,,29/NOV/06,29/NOV/06,1
84408,135647,203460,36,"N","Each",554,1,204,,,,29/NOV/06,29/NOV/06,1
84629,136058,204039,1,"N","EA",800,1,204,,,,,,1
84554,135919,203791,1,"N","EA",20,20,204,81215,101980,,05/NOV/06,05/NOV/06,1
84588,135985,203899,1354,"N","Week",101400,3.9,20795,,,,03/NOV/06,03/NOV/06,1
84589,135986,203900,1,"N","Each",35019,1,204,,,,,,1
84667,136153,204187,1,"N","Each",2974,1,204,,,,,,1
84915,137683,204810,1353,"N","HRS",62000,155,20795,,,,11/NOV/06,11/NOV/06,1
84916,137684,204811,1353,"N","HRS",495600,1416,20795,,,,11/NOV/06,11/NOV/06,1
84779,136330,204478,1354,"N","Week",390000,15.6,20795,,,,09/NOV/06,09/NOV/06,1
84780,136331,204479,1,"N","Each",2461,1,204,,,,,,1
84918,137696,204823,1,"N","Each",33860,1,204,,,,,,1
84919,137697,204824,1,"N","EA",851,1,204,,,,,,1
84835,136413,204633,21,"N","Each",90000,36,20795,,,,10/NOV/06,10/NOV/06,1
84836,136414,204634,21,"N","Each",39000,26,20795,,,,10/NOV/06,10/NOV/06,1
85285,138233,205513,1354,"N","Week",507000,19.5,20795,,,,18/NOV/06,18/NOV/06,1
85287,138240,205520,36,"N","Each",23030,47,20795,,,,18/NOV/06,18/NOV/06,1
82240,105430,197147,1,"N","Each",3061,1,204,,,,,,1
82044,105178,196837,1,"N","Each",496,1,204,,,,,,1
81901,105024,196641,1,"N","EA",895,1,204,,,,,,1
81780,104903,196442,1,"N","Each",35588,1,204,,,,,,1
81779,104902,196441,1,"N","Each",2587,1,204,,,,,,1
81627,104641,196072,1,"N","Each",3125,1,204,,,,,,1
81626,104640,196071,1,"N","EA",841,1,204,,,,,,1
81625,104639,196070,1,"N","Each",36805,1,204,,,,,,1
81259,102091,194251,1,"N","Each",2987,1,204,,,,,,1
81258,102090,194250,1,"N","Each",484,1,204,,,,,,1
81257,102089,194249,1,"N","EA",873,1,204,,,,,,1
85063,137823,204960,36,"N","EA",159.5,50,204,81215,101977,,17/NOV/06,17/NOV/06,1
85124,137884,205061,1,"N","Each",472,1,204,,,,,,1
85242,138146,205416,1,"N","Each",2912,1,204,,,,,,1
85023,137783,204940,1,"N","Each",237.5,10,1996,,,,14/NOV/06,14/NOV/06,1
85023,137784,204941,1,"N","Each",175,20,1996,,,,14/NOV/06,14/NOV/06,1
85023,137785,204942,1,"N","Each",187.5,50,1996,,,,14/NOV/06,14/NOV/06,1
85023,137786,204943,1,"N","Each",437.5,50,1996,,,,14/NOV/06,14/NOV/06,1
85023,137787,204944,1,"N","Each",237.5,10,1997,,,,14/NOV/06,14/NOV/06,1
85023,137788,204945,1,"N","Each",175,20,1997,,,,14/NOV/06,14/NOV/06,1
85023,137789,204946,1,"N","Each",187.5,50,1997,,,,14/NOV/06,14/NOV/06,1
85023,137790,204947,1,"N","Each",437.5,50,1997,,,,14/NOV/06,14/NOV/06,1
85405,138345,205668,2757,"N","Each",15000,100,207,,,,22/NOV/06,22/NOV/06,1
85406,138346,205669,2757,"N","Each",15000,100,207,,,,22/NOV/06,22/NOV/06,1
85350,138301,205578,36,"N","Each",13550,271,20795,,,,21/NOV/06,21/NOV/06,1
85650,138707,206164,114,"N","Each",1875,500,207,,,,28/FEB/07,28/FEB/07,1
85711,138808,206345,31,"N","Each",4300,100,204,,,,31/DEC/06,31/DEC/06,1
85711,138809,206346,31,"N","Each",5000,100,204,,,,31/DEC/06,31/DEC/06,1
85712,138810,206347,114,"N","Each",3800,100,204,,,,31/DEC/06,31/DEC/06,1
85712,138811,206348,114,"N","Each",4200,100,204,,,,31/DEC/06,31/DEC/06,1
85540,138588,205936,1354,"N","Week",304200,11.7,20795,,,,25/NOV/06,25/NOV/06,1
85541,138589,205937,30,"N","Each",51246,54,20795,,,,27/NOV/06,27/NOV/06,1
85754,138891,206468,1354,"N","Week",106600,4.1,20795,,,,03/DEC/06,03/DEC/06,1
85630,138687,206144,3124,"N","Each",1250,50,18168,,,,01/DEC/06,01/DEC/06,1
85630,138687,206145,3124,"N","Each",1250,50,10619,,,,01/DEC/06,01/DEC/06,2
85609,138666,206043,36,"N","EA",159.5,50,204,81215,101977,,01/DEC/06,01/DEC/06,1
85590,138647,206031,1353,"N","HRS",94500,210,20795,,,,28/NOV/06,28/NOV/06,1
85833,139084,206823,36,"N","EA",79.75,25,204,81215,101977,,09/DEC/06,09/DEC/06,1
85828,139067,206786,1,"N","EA",828,1,204,,,,,,1
85751,138888,206465,1,"N","Each",36266,1,204,,,,,,1
86238,139678,207555,1353,"N","HRS",529200,1512,20795,,,,12/DEC/06,12/DEC/06,1
86239,139679,207556,1353,"N","HRS",66400,166,20795,,,,12/DEC/06,12/DEC/06,1
86335,139773,207733,1,"N","EA",881,1,204,,,,,,1
86174,139565,207405,1,"N","Each",260,10,1996,,,,11/DEC/06,11/DEC/06,1
86174,139566,207406,1,"N","Each",300,50,1996,,,,11/DEC/06,11/DEC/06,1
86174,139567,207407,1,"N","Each",550,50,1996,,,,11/DEC/06,11/DEC/06,1
86174,139568,207408,1,"N","Each",110,10,1996,,,,11/DEC/06,11/DEC/06,1
86174,139569,207409,1,"N","Each",260,10,1997,,,,11/DEC/06,11/DEC/06,1
86174,139570,207410,1,"N","Each",300,50,1997,,,,11/DEC/06,11/DEC/06,1
86174,139571,207411,1,"N","Each",550,50,1997,,,,11/DEC/06,11/DEC/06,1
86174,139572,207412,1,"N","Each",110,10,1997,,,,11/DEC/06,11/DEC/06,1
86136,139487,207331,1354,"N","Week",410000,16.4,20795,,,,09/DEC/06,09/DEC/06,1
86138,139489,207333,1,"N","Each",2549,1,204,,,,,,1
86135,139486,207330,21,"N","Each",40500,27,20795,,,,09/DEC/06,09/DEC/06,1
86137,139488,207332,21,"N","Each",92500,37,20795,,,,09/DEC/06,09/DEC/06,1
86240,139680,207557,1,"N","Each",35066,1,204,,,,,,1
86017,139365,207165,1,"N","Each",3080,1,204,,,,,,1
87143,140868,209346,1,"N","EA",19,19,204,81215,101980,,11/JAN/07,11/JAN/07,1
87102,140757,209215,36,"N","EA",399.99,1,1737,83988,134335,,07/FEB/07,07/FEB/07,1
87205,141010,209528,1,"N","Each",230,10,1996,,,,09/JAN/07,09/JAN/07,1
87205,141011,209529,1,"N","Each",200,50,1996,,,,09/JAN/07,09/JAN/07,1
87205,141012,209530,1,"N","Each",400,50,1996,,,,09/JAN/07,09/JAN/07,1
87205,141013,209531,1,"N","Each",90,10,1996,,,,09/JAN/07,09/JAN/07,1
87205,141014,209532,1,"N","Each",230,10,1997,,,,09/JAN/07,09/JAN/07,1
87128,140821,209282,1,"N","Each",500,1,204,,,,07/FEB/07,07/FEB/07,1
87128,140822,209283,36,"N","Each",30,1,204,,,,17/JAN/07,17/JAN/07,1
87215,141034,209584,2662,"N","Currency",1000,1,2005,38375,46141,,,,1
87215,141035,209585,2662,"N","Currency",200,1,2005,,,,30/JAN/07,30/JAN/07,1
87289,141224,209920,21,"N","Each",180000,72,20795,,,,09/JAN/07,09/JAN/07,1
87290,141225,209921,21,"N","Each",78000,52,20795,,,,09/JAN/07,09/JAN/07,1
87291,141226,209922,1353,"N","HRS",124800,312,20795,,,,03/JAN/07,03/JAN/07,1
87292,141227,209923,1353,"N","HRS",996800,2848,20795,,,,03/JAN/07,03/JAN/07,1
87293,141228,209924,36,"N","Each",24500,50,20795,,,,20/DEC/06,20/DEC/06,1
87294,141229,209925,36,"N","Each",14500,290,20795,,,,21/DEC/06,21/DEC/06,1
87295,141230,209926,30,"N","Each",55042,58,20795,,,,27/DEC/06,27/DEC/06,1
87296,141231,209927,1353,"N","HRS",102150,227,20795,,,,27/DEC/06,27/DEC/06,1
87298,141235,209931,1354,"N","Week",780000,31.2,20795,,,,09/JAN/07,09/JAN/07,1
87299,141236,209932,1,"N","Each",488,1,204,,,,,,1
87300,141237,209933,1,"N","Each",3016,1,204,,,,,,1
87297,141232,209928,1354,"N","Week",533000,20.5,20795,,,,19/DEC/06,19/DEC/06,1
87297,141233,209929,1354,"N","Week",319800,12.3,20795,,,,26/DEC/06,26/DEC/06,1
87297,141234,209930,1354,"N","Week",202800,7.8,20795,,,,02/JAN/07,02/JAN/07,1
87212,141024,209546,36,"N","Each",10,1,204,,,,13/JAN/07,13/JAN/07,1
87212,141025,209547,36,"N","Each",20,1,204,,,,13/JAN/07,13/JAN/07,1
87212,141026,209548,36,"N","Each",25,1,204,,,,13/JAN/07,13/JAN/07,1
87212,141027,209549,36,"N","Each",878,1,204,,,,13/JAN/07,13/JAN/07,1
87205,141015,209533,1,"N","Each",200,50,1997,,,,09/JAN/07,09/JAN/07,1
87205,141016,209534,1,"N","Each",400,50,1997,,,,09/JAN/07,09/JAN/07,1
87205,141017,209535,1,"N","Each",90,10,1997,,,,09/JAN/07,09/JAN/07,1
87210,141022,209540,36,"N","Each",63.4,5,204,,,,13/JAN/07,13/JAN/07,1
87211,141023,209541,36,"N","EA",428,1,204,83988,134239,,13/JAN/07,13/JAN/07,1
87341,141279,210031,2662,"N","Hour",1200,1,204,38375,46140,,,,1
87359,141292,210053,2757,"N","Each",15000,100,207,,,,11/JAN/07,11/JAN/07,1
87854,141955,211060,36,"N","Each",27200,544,20795,,,,20/JAN/07,20/JAN/07,1
87964,142094,211200,1353,"N","HRS",191700,426,20795,,,,23/JAN/07,23/JAN/07,1
88102,142240,211360,3097,"N","Each",12500,500,209,,,,24/JAN/07,24/JAN/07,1
88102,142241,211361,3097,"N","Each",10500,500,209,,,,24/JAN/07,24/JAN/07,1
88102,142242,211362,3097,"N","Each",33000,500,209,,,,24/JAN/07,24/JAN/07,1
88102,142243,211363,3097,"N","Each",20000,500,209,,,,24/JAN/07,24/JAN/07,1
88102,142244,211364,3097,"N","Each",19500,500,209,,,,24/JAN/07,24/JAN/07,1
88103,142245,211365,3097,"N","Each",12500,500,209,,,,24/JAN/07,24/JAN/07,1
88103,142246,211366,3097,"N","Each",10500,500,209,,,,24/JAN/07,24/JAN/07,1
88103,142247,211367,3097,"N","Each",20500,500,209,,,,24/JAN/07,24/JAN/07,1
88103,142248,211368,3097,"N","Each",20000,500,209,,,,24/JAN/07,24/JAN/07,1
88103,142249,211369,3097,"N","Each",19500,500,209,,,,24/JAN/07,24/JAN/07,1
88104,142250,211370,3097,"N","Each",12500,500,207,,,,24/JAN/07,24/JAN/07,1
88104,142251,211371,3097,"N","Each",10500,500,207,,,,24/JAN/07,24/JAN/07,1
88104,142252,211372,3097,"N","Each",20500,500,207,,,,24/JAN/07,24/JAN/07,1
88104,142253,211373,3097,"N","Each",20000,500,207,,,,24/JAN/07,24/JAN/07,1
88104,142254,211374,3097,"N","Each",19500,500,207,,,,24/JAN/07,24/JAN/07,1
87539,141568,210554,1354,"N","Week",1014000,39,20795,,,,17/JAN/07,17/JAN/07,1
87748,141779,210864,1,"N","Each",477,1,204,,,,,,1
87749,141780,210865,1,"N","Each",2947,1,204,,,,,,1
87742,141773,210858,1,"N","Each",35436,1,204,,,,,,1
87743,141774,210859,1,"N","EA",809,1,204,,,,,,1
87744,141775,210860,1,"N","Each",3009,1,204,,,,,,1
87745,141776,210861,1,"N","Each",2490,1,204,,,,,,1
87746,141777,210862,1,"N","Each",34263,1,204,,,,,,1
87747,141778,210863,1,"N","EA",861,1,204,,,,,,1
87882,141978,211080,32,"N","Each",17850,3500,207,,,,22/JAN/07,22/JAN/07,1
87981,142117,211237,2757,"N","Each",15000,100,207,,,,23/JAN/07,23/JAN/07,1
87741,141772,210857,36,"N","Each",46060,94,20795,,,,19/JAN/07,19/JAN/07,1
87881,141977,211079,32,"N","Each",3450,1000,207,,,,22/JAN/07,22/JAN/07,1
88083,142221,211348,30,"N","Each",104390,110,20795,,,,24/JAN/07,24/JAN/07,1
88142,142300,211450,1354,"N","Week",608400,23.4,20795,,,,25/JAN/07,25/JAN/07,1
88291,142501,211870,1,"N","Each",35303,1,204,,,,,,1
88188,142350,211634,2757,"N","Each",15000,100,207,,,,30/JAN/07,30/JAN/07,1
88431,142641,212007,1354,"N","Week",197600,7.6,20795,,,,02/FEB/07,02/FEB/07,1
88799,143131,212653,1,"N","Each",34135,1,204,,,,,,1
88553,142783,212190,1353,"N","HRS",980000,2800,20795,,,,03/FEB/07,03/FEB/07,1
88554,142784,212191,1353,"N","HRS",122400,306,20795,,,,03/FEB/07,03/FEB/07,1
88653,142903,212370,2757,"N","Each",15000,100,207,,,,06/FEB/07,06/FEB/07,1
88633,142883,212345,1,"N","Each",2481,1,204,,,,,,1
88432,142642,212011,1,"N","EA",806,1,204,,,,,,1
88593,142843,212270,36,"N","EA",15.95,5,204,81215,101977,,08/FEB/07,08/FEB/07,1
88555,142785,212195,1,"N","Each",2998,1,204,,,,,,1
88798,143130,212649,1354,"N","Week",760000,30.4,20795,,,,08/FEB/07,08/FEB/07,1
88861,143197,212726,21,"N","Each",180000,72,20795,,,,09/FEB/07,09/FEB/07,1
88862,143198,212727,21,"N","Each",78000,52,20795,,,,09/FEB/07,09/FEB/07,1
88974,143326,212894,1,"N","EA",858,1,204,,,,,,1
88975,143327,212895,1,"N","Each",476,1,204,,,,,,1
89115,143509,213160,1,"N","Each",2936,1,204,,,,,,1
89054,143426,213034,2757,"N","Each",15000,100,207,,,,13/FEB/07,13/FEB/07,1
89436,143988,213732,1354,"N","Week",988000,38,20795,,,,17/FEB/07,17/FEB/07,1
89437,143989,213733,36,"N","Each",45080,92,20795,,,,17/FEB/07,17/FEB/07,1
89438,143990,213737,2757,"N","Each",15000,100,207,,,,19/FEB/07,19/FEB/07,1
89496,144048,213821,36,"N","Each",26800,536,20795,,,,20/FEB/07,20/FEB/07,1
89878,144515,214260,1353,"N","HRS",188100,418,20795,,,,23/FEB/07,23/FEB/07,1
89777,144414,214114,1,"N","Each",20000,5,204,,,,22/FEB/07,22/FEB/07,1
89880,144517,214267,30,"N","Each",102492,108,20795,,,,24/FEB/07,24/FEB/07,1
89881,144518,214268,1354,"N","Week",592800,22.8,20795,,,,24/FEB/07,24/FEB/07,1
89990,144689,214508,1,"N","Each",35386,1,204,,,,,,1
90065,144762,214578,1,"N","Each",53612.55,75,207,,,,14/MAR/07,14/MAR/07,1
90067,144764,214580,1,"N","Each",55042.218,77,207,,,,14/MAR/07,14/MAR/07,1
90066,144763,214579,1,"N","Each",54327.384,76,207,,,,15/MAR/07,15/MAR/07,1
89985,144682,214498,1353,"N","HRS",884800,2528,20795,,,,02/MAR/07,02/MAR/07,1
89988,144687,214503,1354,"N","Week",182000,7,20795,,,,02/MAR/07,02/MAR/07,1
89989,144688,214504,1353,"N","HRS",110400,276,20795,,,,02/MAR/07,02/MAR/07,1
90025,144722,214538,1,"N","Each",252.5,10,1996,,,,06/MAR/07,06/MAR/07,1
90025,144723,214539,1,"N","Each",262.5,50,1996,,,,06/MAR/07,06/MAR/07,1
90025,144724,214540,1,"N","Each",512.5,50,1996,,,,06/MAR/07,06/MAR/07,1
90025,144725,214541,1,"N","Each",205,20,1996,,,,06/MAR/07,06/MAR/07,1
90025,144726,214542,1,"N","Each",252.5,10,1997,,,,06/MAR/07,06/MAR/07,1
90025,144727,214543,1,"N","Each",262.5,50,1997,,,,06/MAR/07,06/MAR/07,1
90025,144728,214544,1,"N","Each",512.5,50,1997,,,,06/MAR/07,06/MAR/07,1
90025,144729,214545,1,"N","Each",205,20,1997,,,,06/MAR/07,06/MAR/07,1
90151,144988,214830,21,"N","Each",180000,72,20795,,,,09/MAR/07,09/MAR/07,1
90152,144989,214831,21,"N","Each",78000,52,20795,,,,09/MAR/07,09/MAR/07,1
89964,144601,214397,2757,"N","Each",15000,100,207,,,,28/FEB/07,28/FEB/07,1
90045,144742,214558,2757,"N","Each",15000,100,207,,,,06/MAR/07,06/MAR/07,1
90150,144987,214829,1354,"N","Week",700000,28,20795,,,,08/MAR/07,08/MAR/07,1
90162,145059,214904,1,"N","Each",34215,1,204,,,,,,1
90163,145060,214905,1,"N","EA",860,1,204,,,,,,1
90164,145061,214906,1,"N","Each",477,1,204,,,,,,1
90165,145062,214907,1,"N","Each",2943,1,204,,,,,,1
90159,145056,214901,1,"N","EA",808,1,204,,,,,,1
90160,145057,214902,1,"N","Each",3005,1,204,,,,,,1
90161,145058,214903,1,"N","Each",2487,1,204,,,,,,1
90183,145242,215093,36,"N","Each",41160,84,20795,,,,17/MAR/07,17/MAR/07,1
90184,145243,215094,1354,"N","Week",910000,35,20795,,,,17/MAR/07,17/MAR/07,1
90315,145476,215567,36,"N","Each",24200,484,20795,,,,20/MAR/07,20/MAR/07,1
90395,145576,215738,1353,"N","HRS",168300,374,20795,,,,22/MAR/07,22/MAR/07,1
90669,146044,216368,2757,"N","Each",15000,100,207,,,,02/APR/07,02/APR/07,1
90758,146144,216586,1,"N","Each",3135,1,204,,,,,,1
90535,145736,215898,30,"N","Each",91104,96,20795,,,,24/MAR/07,24/MAR/07,1
90536,145737,215899,1354,"N","Week",546000,21,20795,,,,24/MAR/07,24/MAR/07,1
90700,146086,216419,1,"N","EA",843,1,204,,,,,,1
90658,145944,216257,1354,"N","Week",213200,8.2,20795,,,,01/APR/07,01/APR/07,1
90718,146104,216485,1,"N","Each",36915,1,204,,,,,,1
90698,146084,216414,1353,"N","HRS",1058400,3024,20795,,,,03/APR/07,03/APR/07,1
90699,146085,216415,1353,"N","HRS",132800,332,20795,,,,03/APR/07,03/APR/07,1
90978,146504,216977,21,"N","Each",190000,76,20795,,,,10/APR/07,10/APR/07,1
90979,146505,216978,21,"N","Each",81000,54,20795,,,,10/APR/07,10/APR/07,1
90903,146398,216862,1354,"N","Week",820000,32.8,20795,,,,07/APR/07,07/APR/07,1
90904,146399,216866,1,"N","Each",2594,1,204,,,,,,1
90905,146400,216867,1,"N","Each",35693,1,204,,,,,,1
91260,146998,217559,3116,"N","Each",2400,100,2005,,,,,,3
91261,147009,217560,36,"N","Each",49000,100,20795,,,,17/APR/07,17/APR/07,1
91262,147010,217561,1354,"N","Week",1066000,41,20795,,,,17/APR/07,17/APR/07,1
91242,146844,217425,1,"N","EA",897,1,204,,,,,,1
91243,146845,217426,1,"N","Each",3070,1,204,,,,,,1
91158,146724,217275,1,"N","Each",497,1,204,,,,,,1
91381,147149,217800,1,"Y","Each",26,1,1997,,,,18/APR/07,18/APR/07,1
91381,147150,217801,1,"Y","Each",300,50,1997,,,,18/APR/07,18/APR/07,1
91381,147151,217802,1,"Y","Each",550,50,1997,,,,18/APR/07,18/APR/07,1
91381,147152,217803,1,"Y","Each",220,20,1997,,,,18/APR/07,18/APR/07,1
91381,147153,217804,1,"Y","Each",260,10,1997,,,,18/APR/07,18/APR/07,1
91381,147154,217805,1,"Y","Each",550,50,1997,,,,18/APR/07,18/APR/07,1
91381,147155,217806,1,"Y","Each",300,50,1997,,,,18/APR/07,18/APR/07,1
91381,147156,217807,1,"Y","Each",220,20,1997,,,,18/APR/07,18/APR/07,1
91198,146764,217317,2757,"N","Each",15000,100,207,,,,13/APR/07,13/APR/07,1
91260,146998,217557,3116,"N","Each",270,10,2005,,,,,,1
91260,146998,217558,3116,"N","Each",1275,50,2005,,,,,,2
91401,147169,217880,2757,"N","Each",15000,100,207,,,,19/APR/07,19/APR/07,1
91382,147157,217809,1,"N","Each",260,10,1996,,,,18/APR/07,18/APR/07,1
91382,147158,217810,1,"N","Each",300,50,1996,,,,18/APR/07,18/APR/07,1
91382,147159,217811,1,"N","Each",550,50,1996,,,,18/APR/07,18/APR/07,1
91382,147160,217812,1,"N","Each",220,20,1996,,,,18/APR/07,18/APR/07,1
91382,147161,217813,1,"N","Each",260,10,1997,,,,18/APR/07,18/APR/07,1
91382,147162,217814,1,"N","Each",300,50,1997,,,,18/APR/07,18/APR/07,1
91382,147163,217815,1,"N","Each",550,50,1997,,,,18/APR/07,18/APR/07,1
91382,147164,217816,1,"N","Each",220,20,1997,,,,18/APR/07,18/APR/07,1
91601,147416,218187,2757,"N","Each",15000,100,207,,,,23/APR/07,23/APR/07,1
91683,147499,218310,30,"N","Each",110084,116,20795,,,,24/APR/07,24/APR/07,1
91684,147500,218311,1354,"N","Week",639600,24.6,20795,,,,25/APR/07,25/APR/07,1
91682,147498,218309,1353,"N","HRS",204300,454,20795,,,,26/APR/07,26/APR/07,1
91461,147229,217964,36,"N","Each",29000,580,20795,,,,20/APR/07,20/APR/07,1
91790,147677,218611,1,"N","Each",35044,1,204,,,,,,1
92076,148060,219014,2757,"N","Each",15000,100,207,,,,07/MAY/07,07/MAY/07,1
91952,147891,218842,1353,"N","HRS",991200,2832,20795,,,,04/MAY/07,04/MAY/07,1
91953,147892,218843,1353,"N","HRS",124000,310,20795,,,,04/MAY/07,04/MAY/07,1
92277,148361,219378,1,"N","Each",250,10,1996,,,,10/MAY/07,10/MAY/07,1
92277,148362,219379,1,"N","Each",200,20,1996,,,,10/MAY/07,10/MAY/07,1
92277,148363,219380,1,"N","Each",250,50,1996,,,,10/MAY/07,10/MAY/07,1
92277,148364,219381,1,"N","Each",500,50,1996,,,,10/MAY/07,10/MAY/07,1
92277,148365,219382,1,"N","Each",250,10,1997,,,,10/MAY/07,10/MAY/07,1
92277,148366,219383,1,"N","Each",200,20,1997,,,,10/MAY/07,10/MAY/07,1
92277,148367,219384,1,"N","Each",250,50,1997,,,,10/MAY/07,10/MAY/07,1
92277,148368,219385,1,"N","Each",500,50,1997,,,,10/MAY/07,10/MAY/07,1
91954,147893,218847,1,"N","Each",2976,1,204,,,,,,1
92097,148081,219034,1354,"N","Week",682500,27.3,20795,,,,08/MAY/07,08/MAY/07,1
92098,148082,219038,1,"N","Each",33884,1,204,,,,,,1
92016,147960,218917,1,"N","EA",800,1,204,,,,,,1
92017,147961,218918,1,"N","Each",2463,1,204,,,,,,1
91803,147699,218630,2757,"N","Each",15000,100,207,,,,01/MAY/07,01/MAY/07,1
92137,148121,219074,21,"N","Each",180000,72,20795,,,,09/MAY/07,09/MAY/07,1
92138,148122,219075,21,"N","Each",78000,52,20795,,,,09/MAY/07,09/MAY/07,1
91848,147753,218678,1354,"N","Week",101400,3.9,20795,,,,02/MAY/07,02/MAY/07,1
92262,148336,219350,1,"N","EA",852,1,204,,,,,,1
92319,148433,219597,1,"N","Each",2914,1,204,,,,,,1
92405,148628,219811,1,"N","Each",472,1,204,,,,,,1
92528,148772,220004,1354,"N","Week",507000,19.5,20795,,,,17/MAY/07,17/MAY/07,1
92593,148837,220154,36,"N","Each",46060,94,20795,,,,19/MAY/07,19/MAY/07,1
92548,148785,220037,2757,"N","Each",15000,100,207,,,,17/MAY/07,17/MAY/07,1
92597,148843,220172,36,"N","Each",27100,542,20795,,,,22/MAY/07,22/MAY/07,1
92819,149168,220636,2757,"N","Each",15000,100,207,,,,29/MAY/07,29/MAY/07,1
92971,149382,220967,2757,"N","Each",15000,100,207,,,,01/JUN/07,01/JUN/07,1
92738,149044,220431,1353,"N","HRS",94500,210,20795,,,,24/MAY/07,24/MAY/07,1
92759,149068,220530,1354,"N","Week",304200,11.7,20795,,,,25/MAY/07,25/MAY/07,1
92779,149088,220545,2757,"N","Each",15000,100,207,,,,25/MAY/07,25/MAY/07,1
92739,149045,220432,30,"N","Each",102492,108,20795,,,,24/MAY/07,24/MAY/07,1
92949,149344,220931,1,"N","Each",37211,1,204,,,,,,1
93350,150023,222033,1,"N","Each",260,10,1997,,,,13/JUN/07,13/JUN/07,1
93350,150024,222034,1,"N","Each",300,50,1997,,,,13/JUN/07,13/JUN/07,1
93350,150025,222035,1,"N","Each",550,50,1997,,,,13/JUN/07,13/JUN/07,1
93350,150026,222036,1,"N","Each",220,20,1997,,,,13/JUN/07,13/JUN/07,1
93057,149528,221210,1,"N","Each",3160,1,204,,,,,,1
93476,150210,222316,14833,"N","Currency",50000,1,2005,,,,13/AUG/07,13/AUG/07,13
93476,150210,222317,14833,"N","Currency",50000,1,2005,,,,13/AUG/07,13/AUG/07,14
93476,150210,222318,14833,"N","Currency",50000,1,2005,,,,24/SEP/07,24/SEP/07,15
93476,150210,222303,14833,"N","Currency",50000,1,2005,,,,,,0
93476,150210,222304,14833,"N","Currency",20000,1,2005,,,,15/JUN/07,15/JUN/07,1
93476,150210,222305,14833,"N","Currency",50000,1,2005,,,,15/JUN/07,15/JUN/07,2
93476,150210,222306,14833,"N","Currency",10000,1,2005,,,,15/JUN/07,15/JUN/07,3
93476,150210,222307,14833,"N","Currency",10000,1,2005,,,,15/JUN/07,15/JUN/07,4
93476,150210,222308,14833,"N","Currency",50000,1,2005,,,,16/JUL/07,16/JUL/07,5
93476,150210,222309,14833,"N","Currency",50000,1,2005,,,,16/JUL/07,16/JUL/07,6
93476,150210,222310,14833,"N","Currency",50000,1,2005,,,,16/JUL/07,16/JUL/07,7
93476,150210,222311,14833,"N","Currency",50000,1,2005,,,,17/SEP/07,17/SEP/07,8
93476,150210,222312,14833,"N","Currency",50000,1,2005,,,,17/SEP/07,17/SEP/07,9
93476,150210,222313,14833,"N","Currency",100000,1,2005,,,,13/AUG/07,13/AUG/07,10
93476,150210,222314,14833,"N","Currency",70000,1,2005,,,,24/SEP/07,24/SEP/07,11
93476,150210,222315,14833,"N","Currency",20000,1,2005,,,,24/SEP/07,24/SEP/07,12
93518,150252,222395,1354,"N","Week",468000,18,20795,,,,16/JUN/07,16/JUN/07,1
93519,150253,222403,1,"N","Each",501,1,204,,,,,,1
93563,150304,222442,36,"N","Each",21070,43,20795,,,,19/JUN/07,19/JUN/07,1
93053,149522,221136,2757,"N","Each",15000,100,207,,,,04/JUN/07,04/JUN/07,1
93665,150462,222602,36,"N","Each",12600,252,20795,,,,20/JUN/07,20/JUN/07,1
93260,149857,221770,2757,"N","Each",15000,100,207,,,,11/JUN/07,11/JUN/07,1
93200,149804,221597,14833,"N","Currency",50000,1,2005,,,,,,0
93200,149804,221598,14833,"N","Currency",20000,1,2005,,,,11/JUN/07,11/JUN/07,1
93200,149804,221599,14833,"N","Currency",50000,1,2005,,,,11/JUN/07,11/JUN/07,2
93200,149804,221600,14833,"N","Currency",10000,1,2005,,,,11/JUN/07,11/JUN/07,3
93200,149804,221601,14833,"N","Currency",10000,1,2005,,,,11/JUN/07,11/JUN/07,4
93200,149804,221602,14833,"N","Currency",50000,1,2005,,,,16/JUL/07,16/JUL/07,5
93200,149804,221603,14833,"N","Currency",50000,1,2005,,,,16/JUL/07,16/JUL/07,6
93200,149804,221604,14833,"N","Currency",50000,1,2005,,,,16/JUL/07,16/JUL/07,7
93200,149804,221605,14833,"N","Currency",50000,1,2005,,,,17/SEP/07,17/SEP/07,8
93200,149804,221606,14833,"N","Currency",50000,1,2005,,,,17/SEP/07,17/SEP/07,9
93200,149804,221607,14833,"N","Currency",100000,1,2005,,,,13/AUG/07,13/AUG/07,10
93200,149804,221608,14833,"N","Currency",70000,1,2005,,,,24/SEP/07,24/SEP/07,11
93624,150367,222505,2757,"N","Each",15000,100,207,,,,19/JUN/07,19/JUN/07,1
93200,149804,221609,14833,"N","Currency",20000,1,2005,,,,24/SEP/07,24/SEP/07,12
93200,149804,221610,14833,"N","Currency",50000,1,2005,,,,13/AUG/07,13/AUG/07,13
93200,149804,221611,14833,"N","Currency",50000,1,2005,,,,13/AUG/07,13/AUG/07,14
93200,149804,221612,14833,"N","Currency",50000,1,2005,,,,24/SEP/07,24/SEP/07,15
93350,150019,222029,1,"N","Each",260,10,1996,,,,13/JUN/07,13/JUN/07,1
93350,150020,222030,1,"N","Each",300,50,1996,,,,13/JUN/07,13/JUN/07,1
93350,150021,222031,1,"N","Each",550,50,1996,,,,13/JUN/07,13/JUN/07,1
93350,150022,222032,1,"N","Each",220,20,1996,,,,13/JUN/07,13/JUN/07,1
93437,150157,222251,1,"N","Each",3095,1,204,,,,,,1
93116,149609,221383,1,"N","Each",2615,1,204,,,,,,1
93237,149830,221734,21,"N","Each",95000,38,20795,,,,09/JUN/07,09/JUN/07,1
93238,149831,221735,21,"N","Each",40500,27,20795,,,,09/JUN/07,09/JUN/07,1
93239,149832,221741,1,"N","Each",35980,1,204,,,,,,1
93240,149833,221742,1,"N","EA",904,1,204,,,,,,1
93156,149709,221474,1354,"N","Week",360000,14.4,20795,,,,08/JUN/07,08/JUN/07,1
93010,149405,221020,1354,"N","Week",93600,3.6,20795,,,,02/JUN/07,02/JUN/07,1
93055,149526,221192,1353,"N","HRS",462000,1320,20795,,,,05/JUN/07,05/JUN/07,1
93056,149527,221198,1353,"N","HRS",57600,144,20795,,,,05/JUN/07,05/JUN/07,1
93094,149563,221290,1,"N","EA",850,1,204,,,,,,1
93900,150771,223010,1353,"N","HRS",88200,196,20795,,,,26/JUN/07,26/JUN/07,1
94103,151264,223665,2757,"N","Each",15000,100,207,,,,02/JUL/07,02/JUL/07,1
93816,150667,222899,30,"N","Each",47450,50,20795,,,,23/JUN/07,23/JUN/07,1
94083,151084,223465,1354,"N","Week",104000,4,20795,,,,01/JUL/07,01/JUL/07,1
93880,150731,222970,2757,"N","Each",15000,100,207,,,,25/JUN/07,25/JUN/07,1
94042,151003,223324,2757,"N","Each",15000,100,207,,,,28/JUN/07,28/JUN/07,1
93901,150772,223011,1354,"N","Week",280800,10.8,20795,,,,26/JUN/07,26/JUN/07,1
94326,151616,224265,21,"N","Each",92500,37,20795,,,,07/JUL/07,07/JUL/07,1
94327,151617,224266,21,"N","Each",39000,26,20795,,,,07/JUL/07,07/JUL/07,1
94325,151615,224264,1354,"N","Week",400000,16,20795,,,,07/JUL/07,07/JUL/07,1
94328,151618,224270,1,"N","Each",35856,1,204,,,,,,1
94329,151619,224271,1,"N","EA",819,1,204,,,,,,1
94330,151620,224272,1,"N","Each",2520,1,204,,,,,,1
94331,151621,224273,1,"N","Each",34669,1,204,,,,,,1
94336,151631,224283,2757,"N","Each",15000,100,207,,,,09/JUL/07,09/JUL/07,1
94517,151842,224767,2757,"N","Each",15000,100,207,,,,12/JUL/07,12/JUL/07,1
94437,151732,224548,1,"N","Each",3045,1,204,,,,,,1
94438,151733,224549,1,"N","Each",2982,1,204,,,,,,1
94497,151832,224637,1,"N","Each",200,10,1996,,,,11/JUL/07,11/JUL/07,1
94497,151833,224638,1,"N","Each",125,50,1996,,,,11/JUL/07,11/JUL/07,1
94497,151834,224639,1,"N","Each",250,50,1996,,,,11/JUL/07,11/JUL/07,1
94497,151835,224640,1,"N","Each",100,20,1996,,,,11/JUL/07,11/JUL/07,1
94223,151384,223925,1353,"N","HRS",515200,1472,20795,,,,06/JUL/07,06/JUL/07,1
94224,151385,223926,1353,"N","HRS",64400,161,20795,,,,06/JUL/07,06/JUL/07,1
94497,151836,224641,1,"N","Each",200,10,1997,,,,11/JUL/07,11/JUL/07,1
94497,151837,224642,1,"N","Each",125,50,1997,,,,11/JUL/07,11/JUL/07,1
94497,151838,224643,1,"N","Each",250,50,1997,,,,11/JUL/07,11/JUL/07,1
94497,151839,224644,1,"N","Each",100,20,1997,,,,11/JUL/07,11/JUL/07,1
94823,152339,225541,36,"N","Each",23520,48,20795,,,,19/JUL/07,19/JUL/07,1
94824,152340,225542,36,"N","Each",14000,280,20795,,,,20/JUL/07,20/JUL/07,1
94841,152343,225547,2757,"N","Each",15000,100,207,,,,27/JUL/07,27/JUL/07,1
94677,152114,225189,1354,"N","Week",520000,20,20795,,,,17/JUL/07,17/JUL/07,1
94694,152127,225201,2757,"N","Each",15000,100,207,,,,17/JUL/07,17/JUL/07,1
94678,152115,225193,1,"N","EA",871,1,204,,,,,,1
94861,152363,225587,30,"N","Each",53144,56,20795,,,,26/JUL/07,26/JUL/07,1
94862,152364,225588,1354,"N","Week",312000,12,20795,,,,25/JUL/07,25/JUL/07,1
94737,152175,225289,1,"N","Each",483,1,204,,,,,,1
94863,152365,225589,1353,"N","HRS",98550,219,20795,,,,26/JUL/07,26/JUL/07,1
95195,152784,226140,26,"N","Hour",270,6,2005,53531,65789,,03/AUG/07,03/AUG/07,1
95220,152847,226260,1,"N","Each",2524,1,204,,,,,,1
95096,152705,226036,1354,"N","Week",101400,3.9,20795,,,,02/AUG/07,02/AUG/07,1
95046,152655,225966,2757,"N","Each",15000,100,207,,,,01/AUG/07,01/AUG/07,1
95359,153096,226650,1354,"N","Week",390000,15.6,20795,,,,08/AUG/07,08/AUG/07,1
95360,153097,226654,1,"N","EA",820,1,204,,,,,,1
95361,153098,226655,1,"N","Each",34724,1,204,,,,,,1
95280,152993,226428,1353,"N","HRS",62400,156,20795,,,,07/AUG/07,07/AUG/07,1
95281,152994,226429,1353,"N","HRS",498400,1424,20795,,,,07/AUG/07,07/AUG/07,1
95238,152927,226338,2757,"N","Each",15000,100,207,,,,06/AUG/07,06/AUG/07,1
95282,152995,226433,1,"N","Each",35912,1,204,,,,,,1
95459,153236,226850,36,"N","Each",831,1,204,,,,12/AUG/07,12/AUG/07,1
95459,153237,226851,36,"N","Each",831,1,204,,,,12/AUG/07,12/AUG/07,1
95460,153238,226852,36,"N","Each",249.95,1,204,,,,12/AUG/07,12/AUG/07,1
95461,153239,226853,36,"N","Each",264,1,204,,,,12/AUG/07,12/AUG/07,1
95461,153240,226854,36,"N","Each",25,1,204,,,,12/AUG/07,12/AUG/07,1
95461,153241,226855,36,"N","Each",797,1,204,,,,12/AUG/07,12/AUG/07,1
95462,153242,226856,36,"N","Each",72,100,204,,,,12/AUG/07,12/AUG/07,1
95463,153243,226857,36,"N","Each",129.14,1,204,,,,12/AUG/07,12/AUG/07,1
95464,153244,226858,36,"N","Each",87.03,9,204,,,,12/AUG/07,12/AUG/07,1
95465,153245,226861,2658,"N","Currency",800,1,204,,,,12/AUG/07,12/AUG/07,1
95466,153246,226862,2117,"N","Currency",1000,1,204,,,,12/AUG/07,12/AUG/07,1
95467,153247,226863,36,"N","EA",3540,10,1634,83988,134240,,12/AUG/07,12/AUG/07,1
95520,153297,226936,1,"N","Each",3050,1,204,,,,,,1
95521,153298,226937,1,"N","EA",873,1,204,,,,,,1
95565,153403,227062,1,"N","Each",2987,1,204,,,,,,1
95725,153614,227287,3117,"N","Currency",1000,1,204,,,,,,0
95725,153614,227288,3117,"N","Currency",2000,1,204,,,,15/AUG/07,15/AUG/07,1
95725,153614,227289,3117,"N","Day",4000,10,204,,,,15/AUG/07,15/AUG/07,2
95725,153614,227290,3117,"N","Currency",4000,1,204,,,,15/AUG/07,15/AUG/07,3
95602,153464,227137,1,"N","Each",250.1,10,1996,,,,13/AUG/07,13/AUG/07,1
95602,153465,227138,1,"N","Each",250.5,50,1996,,,,13/AUG/07,13/AUG/07,1
95602,153466,227139,1,"N","Each",500.5,50,1996,,,,13/AUG/07,13/AUG/07,1
95602,153467,227140,1,"N","Each",200.2,20,1996,,,,13/AUG/07,13/AUG/07,1
95602,153468,227141,1,"N","Each",250.1,10,1997,,,,13/AUG/07,13/AUG/07,1
95602,153469,227142,1,"N","Each",250.5,50,1997,,,,13/AUG/07,13/AUG/07,1
95602,153470,227143,1,"N","Each",500.5,50,1997,,,,13/AUG/07,13/AUG/07,1
95602,153471,227144,1,"N","Each",200.2,20,1997,,,,13/AUG/07,13/AUG/07,1
95826,153715,227411,1,"N","Each",20550,50,204,,,,15/SEP/07,15/SEP/07,1
95808,153697,227394,1354,"N","Week",507000,19.5,20795,,,,17/AUG/07,17/AUG/07,1
95874,153835,227680,36,"N","Each",23030,47,20795,,,,18/AUG/07,18/AUG/07,1
95875,153836,227681,36,"N","Each",13600,272,20795,,,,21/AUG/07,21/AUG/07,1
95989,153973,227835,32,"N","Each",3450,1000,207,,,,23/AUG/07,23/AUG/07,1
96068,154072,227931,30,"N","Each",52195,55,20795,,,,24/AUG/07,24/AUG/07,1
95876,153837,227685,1,"N","Each",484,1,204,,,,,,1
95988,153972,227832,32,"N","Each",17850,3500,207,,,,23/AUG/07,23/AUG/07,1
96195,154320,228202,1,"N","Each",1107.86,1,207,,,,29/AUG/07,29/AUG/07,1
96206,154331,228233,2757,"N","Each",15000,100,207,,,,29/AUG/07,29/AUG/07,1
96299,154500,228442,1354,"N","Week",101400,3.9,20795,,,,01/SEP/07,01/SEP/07,1
96310,154581,228526,2757,"N","Each",15000,100,207,,,,04/SEP/07,04/SEP/07,1
96192,154297,228179,1,"N","Each",1107.86,1,207,,,,29/AUG/07,29/AUG/07,1
96422,154718,229199,1,"N","Each",36805,1,204,,,,,,1
96423,154719,229200,1,"N","Each",2587,1,204,,,,,,1
96522,154915,229635,1353,"N","HRS",498400,1424,20795,,,,08/SEP/07,08/SEP/07,1
96524,154917,229637,1353,"N","HRS",62000,155,20795,,,,08/SEP/07,08/SEP/07,1
96523,154916,229636,1354,"N","Week",390000,15.6,20795,,,,08/SEP/07,08/SEP/07,1
96525,154918,229638,1,"N","EA",841,1,204,,,,,,1
96526,154919,229639,1,"N","Each",35588,1,204,,,,,,1
96567,154992,229713,1,"N","Each",252.5,10,1996,,,,10/SEP/07,10/SEP/07,1
96567,154993,229714,1,"N","Each",262.5,50,1996,,,,10/SEP/07,10/SEP/07,1
96567,154994,229715,1,"N","Each",512.5,50,1996,,,,10/SEP/07,10/SEP/07,1
96567,154995,229716,1,"N","Each",205,20,1996,,,,10/SEP/07,10/SEP/07,1
96567,154996,229717,1,"N","Each",252.5,10,1997,,,,10/SEP/07,10/SEP/07,1
96567,154997,229718,1,"N","Each",262.5,50,1997,,,,10/SEP/07,10/SEP/07,1
96567,154998,229719,1,"N","Each",512.5,50,1997,,,,10/SEP/07,10/SEP/07,1
96567,154999,229720,1,"N","Each",205,20,1997,,,,10/SEP/07,10/SEP/07,1
96792,155404,230394,36,"N","Each",13550,271,20795,,,,20/SEP/07,20/SEP/07,1
96692,155281,230175,1354,"N","Week",507000,19.5,20795,,,,18/SEP/07,18/SEP/07,1
96729,155321,230274,36,"N","Each",23030,47,20795,,,,19/SEP/07,19/SEP/07,1
96730,155322,230278,1,"N","Each",496,1,204,,,,,,1
96693,155282,230179,1,"N","Each",3125,1,204,,,,,,1
96694,155283,230180,1,"N","EA",895,1,204,,,,,,1
96695,155284,230181,1,"N","Each",3061,1,204,,,,,,1
96708,155300,230189,2757,"N","Each",15000,100,207,,,,18/SEP/07,18/SEP/07,1
96933,155625,230673,1353,"N","HRS",94500,210,20795,,,,28/SEP/07,28/SEP/07,1
97024,155884,231016,1354,"N","Week",111800,4.3,20795,,,,02/OCT/07,02/OCT/07,1
96931,155623,230671,1354,"N","Week",304200,11.7,20795,,,,25/SEP/07,25/SEP/07,1
96932,155624,230672,30,"N","Each",51246,54,20795,,,,28/SEP/07,28/SEP/07,1
97039,155943,231071,2757,"N","Each",15000,100,207,,,,02/OCT/07,02/OCT/07,1
97338,156356,231823,1353,"N","HRS",69200,173,20795,,,,09/OCT/07,09/OCT/07,1
97294,156310,231713,2757,"N","Each",15000,100,207,,,,08/OCT/07,08/OCT/07,1
97224,156157,231505,1354,"N","Week",430000,17.2,20795,,,,06/OCT/07,06/OCT/07,1
97225,156158,231509,1,"N","Each",2580,1,204,,,,,,1
97419,156436,232023,1,"N","Each",3118,1,204,,,,,,1
97420,156437,232024,1,"N","EA",892,1,204,,,,,,1
97421,156438,232025,1,"N","Each",3053,1,204,,,,,,1
97340,156359,231826,1,"N","Each",35499,1,204,,,,,,1
97341,156358,231825,1,"N","EA",839,1,204,,,,,,1
97339,156357,231824,1353,"N","HRS",554400,1584,20795,,,,09/OCT/07,09/OCT/07,1
97395,156411,231920,1,"N","Each",36714,1,204,,,,,,1
97627,156775,232733,1354,"N","Week",559000,21.5,20795,,,,17/OCT/07,17/OCT/07,1
97732,156922,233064,36,"N","Each",25480,52,20795,,,,19/OCT/07,19/OCT/07,1
97733,156923,233074,1,"N","Each",495,1,204,,,,,,1
98014,157309,233699,30,"N","Each",56940,60,20795,,,,24/OCT/07,24/OCT/07,1
98097,157415,233893,1354,"N","Week",335400,12.9,20795,,,,25/OCT/07,25/OCT/07,1
98075,157393,233791,2757,"N","Each",15000,100,207,,,,24/OCT/07,24/OCT/07,1
98216,157594,234312,1,"N","Each",252.5,10,1996,,,,29/OCT/07,29/OCT/07,1
98216,157595,234313,1,"N","Each",262.5,50,1996,,,,29/OCT/07,29/OCT/07,1
98216,157596,234314,1,"N","Each",512.5,50,1996,,,,29/OCT/07,29/OCT/07,1
98216,157597,234315,1,"N","Each",205,20,1996,,,,29/OCT/07,29/OCT/07,1
98216,157598,234316,1,"N","Each",252.5,10,1997,,,,29/OCT/07,29/OCT/07,1
98216,157599,234317,1,"N","Each",262.5,50,1997,,,,29/OCT/07,29/OCT/07,1
98216,157600,234318,1,"N","Each",512.5,50,1997,,,,29/OCT/07,29/OCT/07,1
98216,157601,234319,1,"N","Each",205,20,1997,,,,29/OCT/07,29/OCT/07,1
97810,157080,233302,36,"N","Each",15200,304,20795,,,,20/OCT/07,20/OCT/07,1
98096,157414,233892,1353,"N","HRS",106200,236,20795,,,,25/OCT/07,25/OCT/07,1
98817,158265,235527,1,"N","Each",2461,1,204,,,,,,1
98957,158405,235766,1,"N","Each",35019,1,204,,,,,,1
98597,158025,234963,1354,"N","Week",101400,3.9,20795,,,,02/NOV/07,02/NOV/07,1
98457,157885,234763,2757,"N","Each",15000,100,207,,,,01/NOV/07,01/NOV/07,1
99317,158805,236495,1353,"N","HRS",62000,155,20795,,,,10/NOV/07,10/NOV/07,1
99318,158806,236496,1353,"N","HRS",495600,1416,20795,,,,10/NOV/07,10/NOV/07,1
99319,158807,236500,1,"N","EA",800,1,204,,,,,,1
99320,158808,236501,1,"N","Each",2974,1,204,,,,,,1
99321,158809,236502,1,"N","EA",851,1,204,,,,,,1
99322,158810,236503,1,"N","Each",472,1,204,,,,,,1
99323,158811,236504,1,"N","Each",2912,1,204,,,,,,1
99197,158685,236327,21,"N","Each",90000,36,20795,,,,09/NOV/07,09/NOV/07,1
99198,158686,236328,21,"N","Each",39000,26,20795,,,,09/NOV/07,09/NOV/07,1
99097,158565,236047,1354,"N","Week",390000,15.6,20795,,,,08/NOV/07,08/NOV/07,1
99098,158566,236051,1,"N","Each",33860,1,204,,,,,,1
99557,159085,237187,2757,"N","Each",15000,100,207,,,,15/NOV/07,15/NOV/07,1
99860,159393,237732,36,"N","Each",13550,271,20795,,,,20/NOV/07,20/NOV/07,1
99397,158885,236767,1,"N","Each",242.5,10,1996,,,,13/NOV/07,13/NOV/07,1
99397,158886,236768,1,"N","Each",212.5,50,1996,,,,13/NOV/07,13/NOV/07,1
99397,158887,236769,1,"N","Each",462.5,50,1996,,,,13/NOV/07,13/NOV/07,1
99397,158888,236770,1,"N","Each",185,20,1996,,,,13/NOV/07,13/NOV/07,1
99397,158889,236771,1,"N","Each",242.5,10,1997,,,,13/NOV/07,13/NOV/07,1
99397,158890,236772,1,"N","Each",212.5,50,1997,,,,13/NOV/07,13/NOV/07,1
99397,158891,236773,1,"N","Each",212.5,50,1997,,,,13/NOV/07,13/NOV/07,1
99397,158892,236774,1,"N","Each",185,20,1997,,,,13/NOV/07,13/NOV/07,1
99778,159308,237587,36,"N","Each",23030,47,20795,,,,17/NOV/07,17/NOV/07,1
99779,159309,237588,1354,"N","Week",507000,19.5,20795,,,,17/NOV/07,17/NOV/07,1
100122,159736,238383,30,"N","Each",51246,54,20795,,,,26/NOV/07,26/NOV/07,1
100123,159737,238384,1354,"N","Week",304200,11.7,20795,,,,24/NOV/07,24/NOV/07,1
100442,160096,239003,1354,"N","Week",91000,3.5,20795,,,,02/DEC/07,02/DEC/07,1
100242,159856,238623,1353,"N","HRS",94500,210,20795,,,,27/NOV/07,27/NOV/07,1
100487,160227,239134,2757,"N","Each",15000,100,207,,,,03/DEC/07,03/DEC/07,1
100463,160137,239044,91,"Y","Each",1000,1,209,,,,03/DEC/07,03/DEC/07,1
100768,160578,240005,91,"N","Each",1057236,1900,209,,,,01/MAR/07,01/MAR/07,1
100768,160579,240006,91,"N","Each",420160,500,209,,,,01/MAR/07,01/MAR/07,1
100768,160580,240007,91,"N","Each",666192,600,209,,,,01/MAR/07,01/MAR/07,1
100769,160581,240008,91,"N","Each",2940,1400,209,,,,01/APR/07,01/APR/07,1
100769,160582,240009,91,"N","Each",713230,2300,209,,,,01/APR/07,01/APR/07,1
100769,160583,240010,91,"N","Each",790680,800,209,,,,01/APR/07,01/APR/07,1
100770,160584,240011,91,"N","Each",300000,1200,209,,,,01/APR/07,01/APR/07,1
100770,160585,240012,91,"N","Each",498720,1200,209,,,,01/APR/07,01/APR/07,1
100771,160586,240013,91,"N","Each",396165,1100,209,,,,01/APR/07,01/APR/07,1
100772,160587,240014,91,"N","Each",1669560,800,209,,,,01/APR/07,01/APR/07,1
100772,160588,240015,91,"N","Each",2550000,800,209,,,,01/APR/07,01/APR/07,1
100773,160589,240016,91,"N","Each",65506,1400,209,,,,01/APR/07,01/APR/07,1
100773,160590,240017,91,"N","Each",507584,800,209,,,,01/APR/07,01/APR/07,1
100773,160591,240018,91,"N","Each",1137669,1300,209,,,,01/APR/07,01/APR/07,1
100773,160592,240019,91,"N","Each",1057236,1900,209,,,,01/APR/07,01/APR/07,1
100773,160593,240020,91,"N","Each",420160,500,209,,,,01/APR/07,01/APR/07,1
100773,160594,240021,91,"N","Each",666192,600,209,,,,01/APR/07,01/APR/07,1
100774,160595,240022,91,"N","Each",2940,1400,209,,,,01/MAY/07,01/MAY/07,1
100774,160596,240023,91,"N","Each",713230,2300,209,,,,01/MAY/07,01/MAY/07,1
100774,160597,240024,91,"N","Each",790680,800,209,,,,01/MAY/07,01/MAY/07,1
100775,160598,240025,91,"N","Each",300000,1200,209,,,,01/MAY/07,01/MAY/07,1
100790,160641,240068,91,"N","Each",498720,1200,209,,,,01/AUG/07,01/AUG/07,1
100791,160642,240069,91,"N","Each",396165,1100,209,,,,01/AUG/07,01/AUG/07,1
100792,160643,240070,91,"N","Each",1669560,800,209,,,,01/AUG/07,01/AUG/07,1
100792,160644,240071,91,"N","Each",2550000,800,209,,,,01/AUG/07,01/AUG/07,1
100793,160645,240072,91,"N","Each",65506,1400,209,,,,01/AUG/07,01/AUG/07,1
100793,160646,240073,91,"N","Each",507584,800,209,,,,01/AUG/07,01/AUG/07,1
100793,160647,240074,91,"N","Each",1137669,1300,209,,,,01/AUG/07,01/AUG/07,1
100793,160648,240075,91,"N","Each",1057236,1900,209,,,,01/AUG/07,01/AUG/07,1
100793,160649,240076,91,"N","Each",420160,500,209,,,,01/AUG/07,01/AUG/07,1
100793,160650,240077,91,"N","Each",666192,600,209,,,,01/AUG/07,01/AUG/07,1
100794,160651,240078,91,"N","Each",2940,1400,209,,,,01/SEP/07,01/SEP/07,1
100794,160652,240079,91,"N","Each",713230,2300,209,,,,01/SEP/07,01/SEP/07,1
100794,160653,240080,91,"N","Each",790680,800,209,,,,01/SEP/07,01/SEP/07,1
100795,160654,240081,91,"N","Each",300000,1200,209,,,,01/SEP/07,01/SEP/07,1
100795,160655,240082,91,"N","Each",498720,1200,209,,,,01/SEP/07,01/SEP/07,1
100796,160656,240083,91,"N","Each",396165,1100,209,,,,01/SEP/07,01/SEP/07,1
100797,160657,240084,91,"N","Each",1669560,800,209,,,,01/SEP/07,01/SEP/07,1
100797,160658,240085,91,"N","Each",2550000,800,209,,,,01/SEP/07,01/SEP/07,1
100798,160659,240086,91,"N","Each",65506,1400,209,,,,01/SEP/07,01/SEP/07,1
100798,160660,240087,91,"N","Each",507584,800,209,,,,01/SEP/07,01/SEP/07,1
100798,160661,240088,91,"N","Each",1137669,1300,209,,,,01/SEP/07,01/SEP/07,1
100798,160662,240089,91,"N","Each",1057236,1900,209,,,,01/SEP/07,01/SEP/07,1
100798,160663,240090,91,"N","Each",420160,500,209,,,,01/SEP/07,01/SEP/07,1
100798,160664,240091,91,"N","Each",666192,600,209,,,,01/SEP/07,01/SEP/07,1
100799,160665,240092,91,"N","Each",2940,1400,209,,,,01/OCT/07,01/OCT/07,1
100799,160666,240093,91,"N","Each",713230,2300,209,,,,01/OCT/07,01/OCT/07,1
100799,160667,240094,91,"N","Each",790680,800,209,,,,01/OCT/07,01/OCT/07,1
100800,160668,240095,91,"N","Each",300000,1200,209,,,,01/OCT/07,01/OCT/07,1
100800,160669,240096,91,"N","Each",498720,1200,209,,,,01/OCT/07,01/OCT/07,1
100801,160670,240097,91,"N","Each",396165,1100,209,,,,01/OCT/07,01/OCT/07,1
100802,160671,240098,91,"N","Each",1669560,800,209,,,,01/OCT/07,01/OCT/07,1
100802,160672,240099,91,"N","Each",2550000,800,209,,,,01/OCT/07,01/OCT/07,1
100803,160673,240100,91,"N","Each",65506,1400,209,,,,01/OCT/07,01/OCT/07,1
100803,160674,240101,91,"N","Each",507584,800,209,,,,01/OCT/07,01/OCT/07,1
100803,160675,240102,91,"N","Each",1137669,1300,209,,,,01/OCT/07,01/OCT/07,1
100803,160676,240103,91,"N","Each",1057236,1900,209,,,,01/OCT/07,01/OCT/07,1
100803,160677,240104,91,"N","Each",420160,500,209,,,,01/OCT/07,01/OCT/07,1
100803,160678,240105,91,"N","Each",666192,600,209,,,,01/OCT/07,01/OCT/07,1
100804,160679,240106,91,"N","Each",2940,1400,209,,,,01/NOV/07,01/NOV/07,1
100804,160680,240107,91,"N","Each",713230,2300,209,,,,01/NOV/07,01/NOV/07,1
100804,160681,240108,91,"N","Each",790680,800,209,,,,01/NOV/07,01/NOV/07,1
100805,160682,240109,91,"N","Each",300000,1200,209,,,,01/NOV/07,01/NOV/07,1
100805,160683,240110,91,"N","Each",498720,1200,209,,,,01/NOV/07,01/NOV/07,1
100806,160684,240111,91,"N","Each",396165,1100,209,,,,01/NOV/07,01/NOV/07,1
100807,160685,240112,91,"N","Each",1669560,800,209,,,,01/NOV/07,01/NOV/07,1
100807,160686,240113,91,"N","Each",2550000,800,209,,,,01/NOV/07,01/NOV/07,1
100808,160687,240114,91,"N","Each",65506,1400,209,,,,01/NOV/07,01/NOV/07,1
100808,160688,240115,91,"N","Each",507584,800,209,,,,01/NOV/07,01/NOV/07,1
100808,160689,240116,91,"N","Each",1137669,1300,209,,,,01/NOV/07,01/NOV/07,1
100808,160690,240117,91,"N","Each",1057236,1900,209,,,,01/NOV/07,01/NOV/07,1
100808,160691,240118,91,"N","Each",420160,500,209,,,,01/NOV/07,01/NOV/07,1
100808,160692,240119,91,"N","Each",666192,600,209,,,,01/NOV/07,01/NOV/07,1
100809,160693,240120,91,"N","Each",2940,1400,209,,,,01/DEC/07,01/DEC/07,1
100809,160694,240121,91,"N","Each",713230,2300,209,,,,01/DEC/07,01/DEC/07,1
100809,160695,240122,91,"N","Each",790680,800,209,,,,01/DEC/07,01/DEC/07,1
100810,160696,240123,91,"N","Each",300000,1200,209,,,,01/DEC/07,01/DEC/07,1
100810,160697,240124,91,"N","Each",498720,1200,209,,,,01/DEC/07,01/DEC/07,1
100811,160698,240125,91,"N","Each",396165,1100,209,,,,01/DEC/07,01/DEC/07,1
100812,160699,240126,91,"N","Each",1669560,800,209,,,,01/DEC/07,01/DEC/07,1
100812,160700,240127,91,"N","Each",2550000,800,209,,,,01/DEC/07,01/DEC/07,1
100813,160701,240128,91,"N","Each",65506,1400,209,,,,01/DEC/07,01/DEC/07,1
100813,160702,240129,91,"N","Each",507584,800,209,,,,01/DEC/07,01/DEC/07,1
100813,160703,240130,91,"N","Each",1137669,1300,209,,,,01/DEC/07,01/DEC/07,1
100775,160599,240026,91,"N","Each",498720,1200,209,,,,01/MAY/07,01/MAY/07,1
100776,160600,240027,91,"N","Each",396165,1100,209,,,,01/MAY/07,01/MAY/07,1
100777,160601,240028,91,"N","Each",1669560,800,209,,,,01/MAY/07,01/MAY/07,1
100777,160602,240029,91,"N","Each",2550000,800,209,,,,01/MAY/07,01/MAY/07,1
100778,160603,240030,91,"N","Each",65506,1400,209,,,,01/MAY/07,01/MAY/07,1
100778,160604,240031,91,"N","Each",507584,800,209,,,,01/MAY/07,01/MAY/07,1
100778,160605,240032,91,"N","Each",1137669,1300,209,,,,01/MAY/07,01/MAY/07,1
100778,160606,240033,91,"N","Each",1057236,1900,209,,,,01/MAY/07,01/MAY/07,1
100778,160607,240034,91,"N","Each",420160,500,209,,,,01/MAY/07,01/MAY/07,1
100778,160608,240035,91,"N","Each",666192,600,209,,,,01/MAY/07,01/MAY/07,1
100779,160609,240036,91,"N","Each",2940,1400,209,,,,01/JUN/07,01/JUN/07,1
100779,160610,240037,91,"N","Each",713230,2300,209,,,,01/JUN/07,01/JUN/07,1
100779,160611,240038,91,"N","Each",790680,800,209,,,,01/JUN/07,01/JUN/07,1
100780,160612,240039,91,"N","Each",300000,1200,209,,,,01/JUN/07,01/JUN/07,1
100780,160613,240040,91,"N","Each",498720,1200,209,,,,01/JUN/07,01/JUN/07,1
100781,160614,240041,91,"N","Each",396165,1100,209,,,,01/JUN/07,01/JUN/07,1
100782,160615,240042,91,"N","Each",1669560,800,209,,,,01/JUN/07,01/JUN/07,1
100782,160616,240043,91,"N","Each",2550000,800,209,,,,01/JUN/07,01/JUN/07,1
100783,160617,240044,91,"N","Each",65506,1400,209,,,,01/JUN/07,01/JUN/07,1
100783,160618,240045,91,"N","Each",507584,800,209,,,,01/JUN/07,01/JUN/07,1
100783,160619,240046,91,"N","Each",1137669,1300,209,,,,01/JUN/07,01/JUN/07,1
100783,160620,240047,91,"N","Each",1057236,1900,209,,,,01/JUN/07,01/JUN/07,1
100783,160621,240048,91,"N","Each",420160,500,209,,,,01/JUN/07,01/JUN/07,1
100783,160622,240049,91,"N","Each",666192,600,209,,,,01/JUN/07,01/JUN/07,1
100784,160623,240050,91,"N","Each",2940,1400,209,,,,01/JUL/07,01/JUL/07,1
100784,160624,240051,91,"N","Each",713230,2300,209,,,,01/JUL/07,01/JUL/07,1
100784,160625,240052,91,"N","Each",790680,800,209,,,,01/JUL/07,01/JUL/07,1
100785,160626,240053,91,"N","Each",300000,1200,209,,,,01/JUL/07,01/JUL/07,1
100785,160627,240054,91,"N","Each",498720,1200,209,,,,01/JUL/07,01/JUL/07,1
100786,160628,240055,91,"N","Each",396165,1100,209,,,,01/JUL/07,01/JUL/07,1
100787,160629,240056,91,"N","Each",1669560,800,209,,,,01/JUL/07,01/JUL/07,1
100787,160630,240057,91,"N","Each",2550000,800,209,,,,01/JUL/07,01/JUL/07,1
100788,160631,240058,91,"N","Each",65506,1400,209,,,,01/JUL/07,01/JUL/07,1
100788,160632,240059,91,"N","Each",507584,800,209,,,,01/JUL/07,01/JUL/07,1
100788,160633,240060,91,"N","Each",1137669,1300,209,,,,01/JUL/07,01/JUL/07,1
100788,160634,240061,91,"N","Each",1057236,1900,209,,,,01/JUL/07,01/JUL/07,1
100788,160635,240062,91,"N","Each",420160,500,209,,,,01/JUL/07,01/JUL/07,1
100788,160636,240063,91,"N","Each",666192,600,209,,,,01/JUL/07,01/JUL/07,1
100789,160637,240064,91,"N","Each",2940,1400,209,,,,01/AUG/07,01/AUG/07,1
100789,160638,240065,91,"N","Each",713230,2300,209,,,,01/AUG/07,01/AUG/07,1
100789,160639,240066,91,"N","Each",790680,800,209,,,,01/AUG/07,01/AUG/07,1
100790,160640,240067,91,"N","Each",300000,1200,209,,,,01/AUG/07,01/AUG/07,1
82045,105179,196838,1354,"N","Week",460000,18.4,20795,,,,09/SEP/06,09/SEP/06,1
82048,105184,196843,1353,"N","HRS",95850,213,20795,,,,29/AUG/06,29/AUG/06,1
90068,144765,214581,1,"N","Each",55757.052,78,207,,,,15/MAR/07,15/MAR/07,1
90069,144766,214582,1,"N","Each",56471.886,79,207,,,,15/MAR/07,15/MAR/07,1
100734,160511,239928,91,"N","Each",2940,1400,209,,,,01/NOV/06,01/NOV/06,1
100734,160512,239929,91,"N","Each",713230,2300,209,,,,01/NOV/06,01/NOV/06,1
100734,160513,239930,91,"N","Each",790680,800,209,,,,01/NOV/06,01/NOV/06,1
100735,160514,239931,91,"N","Each",300000,1200,209,,,,01/NOV/06,01/NOV/06,1
100735,160515,239932,91,"N","Each",498720,1200,209,,,,01/NOV/06,01/NOV/06,1
100736,160516,239933,91,"N","Each",396165,1100,209,,,,01/NOV/06,01/NOV/06,1
100737,160517,239934,91,"N","Each",1669560,800,209,,,,01/NOV/06,01/NOV/06,1
100737,160518,239935,91,"N","Each",2550000,800,209,,,,01/NOV/06,01/NOV/06,1
100738,160519,239936,91,"Y","Each",65506,1400,209,,,,01/NOV/06,01/NOV/06,1
100738,160520,239937,91,"Y","Each",507584,800,209,,,,01/NOV/06,01/NOV/06,1
100738,160521,239938,91,"Y","Each",1137669,1300,209,,,,01/NOV/06,01/NOV/06,1
100738,160522,239939,91,"Y","Each",1057236,1900,209,,,,01/NOV/06,01/NOV/06,1
100738,160523,239940,91,"Y","Each",420160,500,209,,,,01/NOV/06,01/NOV/06,1
100738,160524,239941,91,"Y","Each",666192,600,209,,,,01/NOV/06,01/NOV/06,1
100739,160525,239942,91,"N","Each",2940,1400,209,,,,01/DEC/06,01/DEC/06,1
100739,160526,239943,91,"N","Each",713230,2300,209,,,,01/DEC/06,01/DEC/06,1
100739,160527,239944,91,"N","Each",790680,800,209,,,,01/DEC/06,01/DEC/06,1
100740,160528,239945,91,"N","Each",300000,1200,209,,,,01/DEC/06,01/DEC/06,1
100740,160529,239946,91,"N","Each",498720,1200,209,,,,01/DEC/06,01/DEC/06,1
100741,160469,239971,91,"N","Each",2940,1400,209,,,,01/AUG/06,01/AUG/06,1
100741,160470,239972,91,"N","Each",713230,2300,209,,,,01/AUG/06,01/AUG/06,1
100741,160471,239973,91,"N","Each",790680,800,209,,,,01/AUG/06,01/AUG/06,1
100742,160472,239974,91,"N","Each",300000,1200,209,,,,01/AUG/06,01/AUG/06,1
100742,160473,239975,91,"N","Each",498720,1200,209,,,,01/AUG/06,01/AUG/06,1
100743,160474,239976,91,"N","Each",396165,1100,209,,,,01/AUG/06,01/AUG/06,1
100744,160475,239977,91,"N","Each",1669560,800,209,,,,01/AUG/06,01/AUG/06,1
100744,160476,239978,91,"N","Each",2550000,800,209,,,,01/AUG/06,01/AUG/06,1
100745,160477,239979,91,"N","Each",65506,1400,209,,,,01/AUG/06,01/AUG/06,1
100745,160478,239980,91,"N","Each",507584,800,209,,,,01/AUG/06,01/AUG/06,1
100745,160479,239896,91,"N","Each",1137669,1300,209,,,,01/AUG/06,01/AUG/06,1
100745,160480,239897,91,"N","Each",1057236,1900,209,,,,01/AUG/06,01/AUG/06,1
100745,160481,239898,91,"N","Each",420160,500,209,,,,01/AUG/06,01/AUG/06,1
100745,160482,239899,91,"N","Each",666192,600,209,,,,01/AUG/06,01/AUG/06,1
100746,160483,239900,91,"N","Each",2940,1400,209,,,,01/SEP/06,01/SEP/06,1
100746,160484,239901,91,"N","Each",713230,2300,209,,,,01/SEP/06,01/SEP/06,1
100746,160485,239902,91,"N","Each",790680,800,209,,,,01/SEP/06,01/SEP/06,1
100747,160486,239903,91,"N","Each",300000,1200,209,,,,01/SEP/06,01/SEP/06,1
100747,160487,239904,91,"N","Each",498720,1200,209,,,,01/SEP/06,01/SEP/06,1
100748,160488,239905,91,"N","Each",396165,1100,209,,,,01/SEP/06,01/SEP/06,1
100749,160489,239906,91,"N","Each",1669560,800,209,,,,01/SEP/06,01/SEP/06,1
100749,160490,239907,91,"N","Each",2550000,800,209,,,,01/SEP/06,01/SEP/06,1
100750,160491,239908,91,"Y","Each",65506,1400,209,,,,01/SEP/06,01/SEP/06,1
100750,160492,239909,91,"Y","Each",507584,800,209,,,,01/SEP/06,01/SEP/06,1
100750,160493,239910,91,"Y","Each",1137669,1300,209,,,,01/SEP/06,01/SEP/06,1
100750,160494,239911,91,"Y","Each",1057236,1900,209,,,,01/SEP/06,01/SEP/06,1
100750,160495,239912,91,"Y","Each",420160,500,209,,,,01/SEP/06,01/SEP/06,1
100750,160496,239913,91,"Y","Each",666192,600,209,,,,01/SEP/06,01/SEP/06,1
100751,160530,239947,91,"N","Each",396165,1100,209,,,,01/DEC/06,01/DEC/06,1
100752,160531,239948,91,"N","Each",1669560,800,209,,,,01/DEC/06,01/DEC/06,1
100752,160532,239949,91,"N","Each",2550000,800,209,,,,01/DEC/06,01/DEC/06,1
100753,160533,239950,91,"Y","Each",65506,1400,209,,,,01/DEC/06,01/DEC/06,1
100753,160534,239951,91,"Y","Each",507584,800,209,,,,01/DEC/06,01/DEC/06,1
100753,160535,239952,91,"Y","Each",1137669,1300,209,,,,01/DEC/06,01/DEC/06,1
100753,160536,239953,91,"Y","Each",1057236,1900,209,,,,01/DEC/06,01/DEC/06,1
100753,160537,239954,91,"Y","Each",420160,500,209,,,,01/DEC/06,01/DEC/06,1
100753,160538,239955,91,"Y","Each",666192,600,209,,,,01/DEC/06,01/DEC/06,1
100754,160539,239956,91,"N","Each",2940,1400,209,,,,01/JAN/07,01/JAN/07,1
100754,160540,239957,91,"N","Each",713230,2300,209,,,,01/JAN/07,01/JAN/07,1
100754,160541,239958,91,"N","Each",790680,800,209,,,,01/JAN/07,01/JAN/07,1
100755,160542,239959,91,"N","Each",300000,1200,209,,,,01/JAN/07,01/JAN/07,1
100755,160543,239960,91,"N","Each",498720,1200,209,,,,01/JAN/07,01/JAN/07,1
100756,160544,239961,91,"N","Each",396165,1100,209,,,,01/JAN/07,01/JAN/07,1
100757,160545,239962,91,"N","Each",1669560,800,209,,,,01/JAN/07,01/JAN/07,1
100757,160546,239963,91,"N","Each",2550000,800,209,,,,01/JAN/07,01/JAN/07,1
100758,160547,239964,91,"N","Each",65506,1400,209,,,,01/JAN/07,01/JAN/07,1
100758,160548,239965,91,"N","Each",507584,800,209,,,,01/JAN/07,01/JAN/07,1
100758,160549,239966,91,"N","Each",1137669,1300,209,,,,01/JAN/07,01/JAN/07,1
100758,160550,239967,91,"N","Each",1057236,1900,209,,,,01/JAN/07,01/JAN/07,1
100758,160551,239968,91,"N","Each",420160,500,209,,,,01/JAN/07,01/JAN/07,1
100758,160552,239969,91,"N","Each",666192,600,209,,,,01/JAN/07,01/JAN/07,1
100759,160553,239970,91,"N","Each",2940,1400,209,,,,01/FEB/07,01/FEB/07,1
100759,160554,239981,91,"N","Each",713230,2300,209,,,,01/FEB/07,01/FEB/07,1
100759,160555,239982,91,"N","Each",790680,800,209,,,,01/FEB/07,01/FEB/07,1
100760,160556,239983,91,"N","Each",300000,1200,209,,,,01/FEB/07,01/FEB/07,1
100760,160557,239984,91,"N","Each",498720,1200,209,,,,01/FEB/07,01/FEB/07,1
100761,160558,239985,91,"N","Each",396165,1100,209,,,,01/FEB/07,01/FEB/07,1
100762,160559,239986,91,"N","Each",1669560,800,209,,,,01/FEB/07,01/FEB/07,1
100762,160560,239987,91,"N","Each",2550000,800,209,,,,01/FEB/07,01/FEB/07,1
100763,160561,239988,91,"N","Each",65506,1400,209,,,,01/FEB/07,01/FEB/07,1
100763,160562,239989,91,"N","Each",507584,800,209,,,,01/FEB/07,01/FEB/07,1
100763,160563,239990,91,"N","Each",1137669,1300,209,,,,01/FEB/07,01/FEB/07,1
100763,160564,239991,91,"N","Each",1057236,1900,209,,,,01/FEB/07,01/FEB/07,1
100763,160565,239992,91,"Y","Each",420160,500,209,,,,01/FEB/07,01/FEB/07,1
100763,160566,239993,91,"Y","Each",666192,600,209,,,,01/FEB/07,01/FEB/07,1
100764,160567,239994,91,"N","Each",2940,1400,209,,,,01/MAR/07,01/MAR/07,1
100764,160568,239995,91,"N","Each",713230,2300,209,,,,01/MAR/07,01/MAR/07,1
100764,160569,239996,91,"N","Each",790680,800,209,,,,01/MAR/07,01/MAR/07,1
100765,160570,239997,91,"N","Each",300000,1200,209,,,,01/MAR/07,01/MAR/07,1
100765,160571,239998,91,"N","Each",498720,1200,209,,,,01/MAR/07,01/MAR/07,1
100766,160572,239999,91,"N","Each",396165,1100,209,,,,01/MAR/07,01/MAR/07,1
100767,160573,240000,91,"N","Each",1669560,800,209,,,,01/MAR/07,01/MAR/07,1
100767,160574,240001,91,"N","Each",2550000,800,209,,,,01/MAR/07,01/MAR/07,1
100768,160575,240002,91,"N","Each",65506,1400,209,,,,01/MAR/07,01/MAR/07,1
100768,160576,240003,91,"N","Each",507584,800,209,,,,01/MAR/07,01/MAR/07,1
100768,160577,240004,91,"N","Each",1137669,1300,209,,,,01/MAR/07,01/MAR/07,1
100813,160704,240131,91,"N","Each",1057236,1900,209,,,,01/DEC/07,01/DEC/07,1
100813,160705,240132,91,"N","Each",420160,500,209,,,,01/DEC/07,01/DEC/07,1
100813,160706,240133,91,"N","Each",666192,600,209,,,,01/DEC/07,01/DEC/07,1
100729,160497,239914,91,"N","Each",2940,1400,209,,,,01/OCT/06,01/OCT/06,1
100729,160498,239915,91,"N","Each",713230,2300,209,,,,01/OCT/06,01/OCT/06,1
100729,160499,239916,91,"N","Each",790680,800,209,,,,01/OCT/06,01/OCT/06,1
100730,160500,239917,91,"N","Each",300000,1200,209,,,,01/OCT/06,01/OCT/06,1
100730,160501,239918,91,"N","Each",498720,1200,209,,,,01/OCT/06,01/OCT/06,1
100731,160502,239919,91,"N","Each",396165,1100,209,,,,01/OCT/06,01/OCT/06,1
100732,160503,239920,91,"N","Each",1669560,800,209,,,,01/OCT/06,01/OCT/06,1
100732,160504,239921,91,"N","Each",2550000,800,209,,,,01/OCT/06,01/OCT/06,1
100733,160505,239922,91,"Y","Each",65506,1400,209,,,,01/OCT/06,01/OCT/06,1
100733,160506,239923,91,"Y","Each",507584,800,209,,,,01/OCT/06,01/OCT/06,1
100733,160507,239924,91,"Y","Each",1137669,1300,209,,,,01/OCT/06,01/OCT/06,1
100733,160508,239925,91,"Y","Each",1057236,1900,209,,,,01/OCT/06,01/OCT/06,1
100733,160509,239926,91,"Y","Each",420160,500,209,,,,01/OCT/06,01/OCT/06,1
100733,160510,239927,91,"Y","Each",666192,600,209,,,,01/OCT/06,01/OCT/06,1
100830,160710,240257,1353,"N","HRS",55600,139,20795,,,,11/DEC/07,11/DEC/07,1
100831,160711,240258,1353,"N","HRS",445200,1272,20795,,,,11/DEC/07,11/DEC/07,1
101593,161774,242461,36,"N","Each",12100,242,20795,,,,20/DEC/07,20/DEC/07,1
101594,161775,242462,30,"N","Each",46501,49,20795,,,,26/DEC/07,26/DEC/07,1
101595,161776,242463,36,"N","Each",20580,42,20795,,,,19/DEC/07,19/DEC/07,1
101596,161777,242464,1354,"N","Week",455000,17.5,20795,,,,18/DEC/07,18/DEC/07,1
101596,161778,242465,1354,"N","Week",273000,10.5,20795,,,,25/DEC/07,25/DEC/07,1
101734,161935,242722,2757,"N","Each",15000,100,207,,,,27/DEC/07,27/DEC/07,1
101597,161779,242466,1353,"N","HRS",84150,187,20795,,,,26/DEC/07,26/DEC/07,1
100829,160709,240216,1354,"N","Week",350000,14,20795,,,,08/DEC/07,08/DEC/07,1
102245,162604,243899,91,"N","Each",2940,1400,209,,,,05/DEC/07,05/DEC/07,1
102245,162605,243900,91,"N","Each",713230,2300,209,,,,05/DEC/07,05/DEC/07,1
102245,162606,243901,91,"N","Each",790680,800,209,,,,05/DEC/07,05/DEC/07,1
102246,162607,243902,91,"N","Each",300000,1200,209,,,,05/DEC/07,05/DEC/07,1
102246,162608,243903,91,"N","Each",498720,1200,209,,,,05/DEC/07,05/DEC/07,1
102247,162609,243904,91,"N","Each",396165,1100,209,,,,05/DEC/07,05/DEC/07,1
101985,162284,243339,2757,"N","Each",15000,100,207,,,,04/JAN/08,04/JAN/08,1
102248,162610,243905,91,"N","Each",1669560,800,209,,,,05/DEC/07,05/DEC/07,1
102248,162611,243906,91,"N","Each",2550000,800,209,,,,05/DEC/07,05/DEC/07,1
102249,162612,243907,91,"N","Each",65506,1400,209,,,,05/DEC/07,05/DEC/07,1
102249,162613,243908,91,"N","Each",507584,800,209,,,,05/DEC/07,05/DEC/07,1
102249,162614,243909,91,"N","Each",1137669,1300,209,,,,05/DEC/07,05/DEC/07,1
102249,162615,243910,91,"N","Each",1057236,1900,209,,,,05/DEC/07,05/DEC/07,1
102249,162616,243911,91,"N","Each",420160,500,209,,,,05/DEC/07,05/DEC/07,1
102249,162617,243912,91,"N","Each",666192,600,209,,,,05/DEC/07,05/DEC/07,1
102628,163145,245131,1,"N","Each",36641,1,204,,,,,,1
102629,163146,245132,1,"N","EA",837,1,204,,,,,,1
102630,163147,245133,1,"N","Each",3112,1,204,,,,,,1
102631,163148,245134,1,"N","Each",2575,1,204,,,,,,1
102632,163149,245135,1,"N","Each",35428,1,204,,,,,,1
102633,163150,245136,1,"N","EA",891,1,204,,,,,,1
102634,163151,245137,1,"N","Each",494,1,204,,,,,,1
102635,163152,245138,1,"N","Each",3047,1,204,,,,,,1
102666,163223,245262,91,"N","Each",3465,1650,209,,,,16/JAN/08,16/JAN/08,1
102666,163224,245263,91,"N","Each",868280,2800,209,,,,16/JAN/08,16/JAN/08,1
102666,163225,245264,91,"N","Each",988350,1000,209,,,,16/JAN/08,16/JAN/08,1
102667,163226,245265,91,"N","Each",362500,1450,209,,,,16/JAN/08,16/JAN/08,1
102667,163227,245266,91,"N","Each",581840,1400,209,,,,16/JAN/08,16/JAN/08,1
102668,163228,245267,91,"N","Each",486202.5,1350,209,,,,16/JAN/08,16/JAN/08,1
102669,163229,245268,91,"N","Each",2086950,1000,209,,,,16/JAN/08,16/JAN/08,1
102669,163230,245269,91,"N","Each",3346875,1050,209,,,,16/JAN/08,16/JAN/08,1
102670,163231,245270,91,"N","Each",84222,1800,209,,,,16/JAN/08,16/JAN/08,1
102670,163232,245271,91,"N","Each",507584,800,209,,,,16/JAN/08,16/JAN/08,1
102670,163233,245272,91,"N","Each",1312695,1500,209,,,,16/JAN/08,16/JAN/08,1
102670,163234,245273,91,"N","Each",1279812,2300,209,,,,16/JAN/08,16/JAN/08,1
102670,163235,245274,91,"N","Each",420160,500,209,,,,16/JAN/08,16/JAN/08,1
102806,163409,245619,2757,"N","Each",15000,100,207,,,,18/JAN/08,18/JAN/08,1
102636,163169,245139,91,"N","Each",3360,1600,209,,,,16/JAN/08,16/JAN/08,1
102636,163170,245140,91,"N","Each",868280,2800,209,,,,16/JAN/08,16/JAN/08,1
102636,163171,245141,91,"N","Each",988350,1000,209,,,,16/JAN/08,16/JAN/08,1
102637,163172,245142,91,"N","Each",350000,1400,209,,,,16/JAN/08,16/JAN/08,1
102637,163173,245143,91,"N","Each",581840,1400,209,,,,16/JAN/08,16/JAN/08,1
102638,163174,245144,91,"N","Each",468195,1300,209,,,,16/JAN/08,16/JAN/08,1
102639,163175,245145,91,"N","Each",2086950,1000,209,,,,16/JAN/08,16/JAN/08,1
102639,163176,245146,91,"N","Each",3187500,1000,209,,,,16/JAN/08,16/JAN/08,1
102640,163177,245147,91,"N","Each",79543,1700,209,,,,16/JAN/08,16/JAN/08,1
102640,163178,245148,91,"N","Each",507584,800,209,,,,16/JAN/08,16/JAN/08,1
102640,163179,245149,91,"N","Each",1312695,1500,209,,,,16/JAN/08,16/JAN/08,1
102640,163180,245150,91,"N","Each",1279812,2300,209,,,,16/JAN/08,16/JAN/08,1
102640,163181,245151,91,"N","Each",420160,500,209,,,,16/JAN/08,16/JAN/08,1
102640,163182,245152,91,"N","Each",666192,600,209,,,,16/JAN/08,16/JAN/08,1
102670,163236,245275,91,"N","Each",666192,600,209,,,,16/JAN/08,16/JAN/08,1
103289,163995,246524,2757,"N","Each",15000,100,207,,,,24/JAN/08,24/JAN/08,1
103490,164175,247045,36,"N","EA",643,1,207,83988,134646,,01/FEB/08,01/FEB/08,1
103329,164035,246664,1,"N","Each",2328,48,2402,,,,25/JAN/08,25/JAN/08,1
103870,164675,247958,2757,"N","Each",15000,100,207,,,,06/FEB/08,06/FEB/08,1
104190,165115,248600,1,"N","Each",492,1,204,,,,,,1
104050,164875,248319,1,"N","EA",887,1,204,,,,,,1
104010,164815,248259,1,"N","Each",35296,1,204,,,,,,1
103810,164615,247899,1,"N","Each",2565,1,204,,,,,,1
103691,164476,247443,1,"N","Each",3100,1,204,,,,,,1
103690,164475,247442,1,"N","EA",834,1,204,,,,,,1
103590,164335,247230,1,"N","Each",36503,1,204,,,,03/FEB/07,03/FEB/07,1
103591,164477,247231,91,"N","Each",3360,1600,209,,,,07/FEB/08,07/FEB/08,1
103591,164478,247232,91,"N","Each",868280,2800,209,,,,07/FEB/08,07/FEB/08,1
103591,164479,247233,91,"N","Each",988350,1000,209,,,,07/FEB/08,07/FEB/08,1
103592,164480,247234,91,"N","Each",350000,1400,209,,,,06/FEB/08,06/FEB/08,1
103592,164481,247235,91,"N","Each",581840,1400,209,,,,06/FEB/08,06/FEB/08,1
103593,164482,247236,91,"N","Each",468195,1300,209,,,,13/FEB/08,13/FEB/08,1
103594,164483,247237,91,"N","Each",2086950,1000,209,,,,13/FEB/08,13/FEB/08,1
103594,164484,247238,91,"N","Each",3187500,1000,209,,,,13/FEB/08,13/FEB/08,1
103595,164485,247239,91,"N","Each",79543,1700,209,,,,13/FEB/08,13/FEB/08,1
103595,164486,247240,91,"N","Each",507584,800,209,,,,13/FEB/08,13/FEB/08,1
103595,164487,247241,91,"N","Each",1312695,1500,209,,,,13/FEB/08,13/FEB/08,1
103595,164488,247242,91,"N","Each",1279812,2300,209,,,,13/FEB/08,13/FEB/08,1
103595,164489,247243,91,"N","Each",420160,500,209,,,,13/FEB/08,13/FEB/08,1
103595,164490,247244,91,"N","Each",666192,600,209,,,,13/FEB/08,13/FEB/08,1
104690,165895,250317,3116,"N","Each",600,6,2005,91260,146991,,27/FEB/08,27/FEB/08,1
104691,165896,250318,3116,"N","Each",120,4,2005,91260,146997,,27/FEB/08,27/FEB/08,1
104692,165897,250319,3116,"N","Each",500,5,2005,91260,146999,,27/FEB/08,27/FEB/08,1
104650,165855,250092,3116,"Y","Each",600,6,2005,91260,146991,,26/FEB/08,26/FEB/08,1
104651,165856,250093,3116,"Y","Each",120,4,2005,91260,146997,,26/FEB/08,26/FEB/08,1
104652,165857,250094,3116,"Y","Each",500,5,2005,91260,146999,,26/FEB/08,26/FEB/08,1
104799,166086,250571,1,"N","Each",36589,1,204,,,,,,1
104800,166087,250572,1,"N","EA",836,1,204,,,,,,1
104856,166218,250752,1,"N","Each",3107,1,204,,,,,,1
105039,166501,251358,1,"N","Each",35379,1,204,,,,10/MAR/08,10/MAR/08,1
104957,166319,251066,1,"N","Each",2571,1,204,,,,,,1
104801,166088,250573,91,"N","Each",3360,1600,209,,,,05/MAR/08,05/MAR/08,1
104801,166089,250574,91,"N","Each",868280,2800,209,,,,05/MAR/08,05/MAR/08,1
104801,166090,250575,91,"N","Each",988350,1000,209,,,,05/MAR/08,05/MAR/08,1
104802,166091,250576,91,"N","Each",350000,1400,209,,,,05/MAR/08,05/MAR/08,1
104802,166092,250577,91,"N","Each",581840,1400,209,,,,05/MAR/08,05/MAR/08,1
104803,166093,250578,91,"N","Each",468195,1300,209,,,,05/MAR/08,05/MAR/08,1
104804,166094,250579,91,"N","Each",2086950,1000,209,,,,05/MAR/08,05/MAR/08,1
104804,166095,250580,91,"N","Each",3187500,1000,209,,,,05/MAR/08,05/MAR/08,1
104805,166096,250581,91,"N","Each",79543,1700,209,,,,05/MAR/08,05/MAR/08,1
104805,166097,250582,91,"N","Each",507584,800,209,,,,05/MAR/08,05/MAR/08,1
104805,166098,250583,91,"N","Each",1312695,1500,209,,,,05/MAR/08,05/MAR/08,1
104805,166099,250584,91,"N","Each",1279812,2300,209,,,,05/MAR/08,05/MAR/08,1
104805,166100,250585,91,"N","Each",420160,500,209,,,,05/MAR/08,05/MAR/08,1
104805,166101,250586,91,"N","Each",666192,600,209,,,,05/MAR/08,05/MAR/08,1
104370,165315,249131,1,"N","Each",3036,1,204,,,,15/FEB/08,15/FEB/08,1
105243,166764,251835,1,"N","Each",493,1,204,,,,13/MAR/08,13/MAR/08,1
105137,166619,251557,1,"N","EA",889,1,204,,,,11/MAR/08,11/MAR/08,1
105372,166979,252200,1,"N","Each",3043,1,204,,,,17/MAR/08,17/MAR/08,1
105792,167528,253445,36,"N","EA",2140,5,204,83988,134239,,30/MAR/08,30/MAR/08,1
106187,168031,254348,1,"N","Each",3241,1,204,,,,07/APR/08,07/APR/08,1
106188,168032,254349,1,"N","Each",2683,1,204,,,,07/APR/08,07/APR/08,1
105960,167772,253895,91,"N","Each",3360,1600,209,,,,02/APR/08,02/APR/08,1
105960,167773,253896,91,"N","Each",868280,2800,209,,,,02/APR/08,02/APR/08,1
105960,167774,253897,91,"N","Each",988350,1000,209,,,,02/APR/08,02/APR/08,1
105961,167775,253898,91,"N","Each",350000,1400,209,,,,02/APR/08,02/APR/08,1
105961,167776,253899,91,"N","Each",581840,1400,209,,,,02/APR/08,02/APR/08,1
105962,167777,253900,91,"N","Each",468195,1300,209,,,,02/APR/08,02/APR/08,1
105963,167778,253901,91,"N","Each",2086950,1000,209,,,,02/APR/08,02/APR/08,1
105963,167779,253902,91,"N","Each",3187500,1000,209,,,,02/APR/08,02/APR/08,1
105964,167780,253903,91,"N","Each",79543,1700,209,,,,02/APR/08,02/APR/08,1
105964,167781,253904,91,"N","Each",507584,800,209,,,,02/APR/08,02/APR/08,1
105964,167782,253905,91,"N","Each",1312695,1500,209,,,,02/APR/08,02/APR/08,1
105964,167783,253906,91,"N","Each",1279812,2300,209,,,,02/APR/08,02/APR/08,1
105964,167784,253907,91,"N","Each",420160,500,209,,,,02/APR/08,02/APR/08,1
105964,167785,253908,91,"N","Each",666192,600,209,,,,02/APR/08,02/APR/08,1
106039,167849,254057,1,"N","EA",872,1,204,,,,03/APR/08,03/APR/08,1
106085,167889,254183,1,"N","Each",38170,1,204,,,,04/APR/08,04/APR/08,1
106310,168215,254757,1,"N","Each",36907,1,204,,,,09/APR/08,09/APR/08,1
106590,168555,255240,1,"N","EA",928,1,204,,,,14/APR/08,14/APR/08,1
106591,168556,255241,1,"N","Each",514,1,204,,,,14/APR/08,14/APR/08,1
106641,168599,255303,1,"N","Each",3174,1,204,,,,15/APR/08,15/APR/08,1
107586,169723,257637,1,"N","EA",828,1,204,,,,05/MAY/08,05/MAY/08,1
107587,169724,257638,1,"N","Each",3077,1,204,,,,05/MAY/08,05/MAY/08,1
107405,169524,257305,1,"N","Each",36235,1,204,,,,01/MAY/08,01/MAY/08,1
107503,169620,257448,91,"N","Each",3360,1600,209,,,,02/MAY/08,02/MAY/08,1
107503,169621,257449,91,"N","Each",868280,2800,209,,,,02/MAY/08,02/MAY/08,1
107503,169622,257450,91,"N","Each",988350,1000,209,,,,02/MAY/08,02/MAY/08,1
107504,169623,257451,91,"N","Each",350000,1400,209,,,,02/MAY/08,02/MAY/08,1
107504,169624,257452,91,"N","Each",581840,1400,209,,,,02/MAY/08,02/MAY/08,1
107505,169625,257453,91,"N","Each",468195,1300,209,,,,02/MAY/08,02/MAY/08,1
107506,169626,257454,91,"N","Each",2086950,1000,209,,,,02/MAY/08,02/MAY/08,1
107506,169627,257455,91,"N","Each",3187500,1000,209,,,,02/MAY/08,02/MAY/08,1
107507,169628,257456,91,"N","Each",79543,1700,209,,,,02/MAY/08,02/MAY/08,1
107507,169629,257457,91,"N","Each",507584,800,209,,,,02/MAY/08,02/MAY/08,1
107507,169630,257458,91,"N","Each",1312695,1500,209,,,,02/MAY/08,02/MAY/08,1
107507,169631,257459,91,"N","Each",1279812,2300,209,,,,02/MAY/08,02/MAY/08,1
107507,169632,257460,91,"N","Each",420160,500,209,,,,02/MAY/08,02/MAY/08,1
107507,169633,257461,91,"N","Each",666192,600,209,,,,02/MAY/08,02/MAY/08,1
107653,169840,257833,1,"N","Each",2547,1,204,,,,06/MAY/08,06/MAY/08,1
107781,170005,258153,1,"N","Each",35036,1,204,,,,08/MAY/08,08/MAY/08,1
108129,170474,259049,1,"N","Each",488,1,204,,,,15/MAY/08,15/MAY/08,1
108008,170316,258829,1,"N","Each",3013,1,204,,,,14/MAY/08,14/MAY/08,1
107909,170154,258499,1,"N","EA",881,1,204,,,,12/MAY/08,12/MAY/08,1
108211,170575,259226,1,"N","Each",250,10,1996,,,,16/MAY/08,16/MAY/08,1
108211,170576,259227,1,"N","Each",250,50,1996,,,,16/MAY/08,16/MAY/08,1
108211,170577,259228,1,"N","Each",500,50,1996,,,,16/MAY/08,16/MAY/08,1
108211,170578,259229,1,"N","Each",200,20,1996,,,,16/MAY/08,16/MAY/08,1
108211,170579,259230,1,"N","Each",250,10,1997,,,,16/MAY/08,16/MAY/08,1
108211,170580,259231,1,"N","Each",250,50,1997,,,,16/MAY/08,16/MAY/08,1
108211,170581,259232,1,"N","Each",500,50,1997,,,,16/MAY/08,16/MAY/08,1
108211,170582,259233,1,"N","Each",200,20,1997,,,,16/MAY/08,16/MAY/08,1
108790,171240,260512,1,"N","Each",38476,1,204,,,,02/JUN/08,02/JUN/08,1
108791,171241,260513,91,"N","Each",3360,1600,209,,,,02/JUN/08,02/JUN/08,1
108791,171242,260514,91,"N","Each",868280,2800,209,,,,02/JUN/08,02/JUN/08,1
108791,171243,260515,91,"N","Each",988350,1000,209,,,,02/JUN/08,02/JUN/08,1
108792,171244,260516,91,"N","Each",350000,1400,209,,,,02/JUN/08,02/JUN/08,1
108792,171245,260517,91,"N","Each",581840,1400,209,,,,02/JUN/08,02/JUN/08,1
108793,171246,260518,91,"N","Each",468195,1300,209,,,,02/JUN/08,02/JUN/08,1
108794,171247,260519,91,"N","Each",2086950,1000,209,,,,02/JUN/08,02/JUN/08,1
108794,171248,260520,91,"N","Each",3187500,1000,209,,,,02/JUN/08,02/JUN/08,1
108795,171249,260521,91,"N","Each",79543,1700,209,,,,02/JUN/08,02/JUN/08,1
108795,171250,260522,91,"N","Each",507584,800,209,,,,02/JUN/08,02/JUN/08,1
108795,171251,260523,91,"N","Each",1312695,1500,209,,,,02/JUN/08,02/JUN/08,1
108795,171252,260524,91,"N","Each",1279812,2300,209,,,,02/JUN/08,02/JUN/08,1
108795,171253,260525,91,"N","Each",420160,500,209,,,,02/JUN/08,02/JUN/08,1
108795,171254,260526,91,"N","Each",666192,600,209,,,,02/JUN/08,02/JUN/08,1
108747,171192,260423,36,"N","Each",290.35,1,204,,,,29/JUN/08,29/JUN/08,1
108747,171193,260424,36,"N","Each",259.14,1,204,,,,29/JUN/08,29/JUN/08,1
108747,171194,260425,36,"N","Each",85.6,1,204,,,,29/JUN/08,29/JUN/08,1
108747,171195,260426,36,"N","Each",259.14,1,204,,,,29/JUN/08,29/JUN/08,1
109134,171642,261352,1,"N","EA",879,1,204,,,,06/JUN/08,06/JUN/08,1
109196,171724,261524,1,"N","Each",2704,1,204,,,,09/JUN/08,09/JUN/08,1
109197,171725,261525,1,"N","Each",37203,1,204,,,,09/JUN/08,09/JUN/08,1
109054,171540,261108,1,"N","Each",3267,1,204,,,,05/JUN/08,05/JUN/08,1
109316,171909,261845,1,"N","EA",935,1,204,,,,11/JUN/08,11/JUN/08,1
109540,172242,262460,1,"N","Each",518,1,204,,,,16/JUN/08,16/JUN/08,1
109541,172243,262461,1,"N","Each",3200,1,204,,,,16/JUN/08,16/JUN/08,1
109620,172350,262673,2757,"N","Each",15000,100,207,,,,17/JUN/08,17/JUN/08,1
110478,173468,264784,91,"N","Each",3360,1600,209,,,,03/JUL/08,03/JUL/08,1
110478,173469,264785,91,"N","Each",868280,2800,209,,,,03/JUL/08,03/JUL/08,1
110478,173470,264786,91,"N","Each",988350,1000,209,,,,03/JUL/08,03/JUL/08,1
110479,173471,264787,91,"N","Each",350000,1400,209,,,,03/JUL/08,03/JUL/08,1
110479,173472,264788,91,"N","Each",581840,1400,209,,,,03/JUL/08,03/JUL/08,1
110480,173473,264789,91,"N","Each",468195,1300,209,,,,03/JUL/08,03/JUL/08,1
110481,173474,264790,91,"N","Each",2086950,1000,209,,,,03/JUL/08,03/JUL/08,1
110481,173475,264791,91,"N","Each",3187500,1000,209,,,,03/JUL/08,03/JUL/08,1
110482,173476,264792,91,"N","Each",79543,1700,209,,,,03/JUL/08,03/JUL/08,1
110482,173477,264793,91,"N","Each",507584,800,209,,,,03/JUL/08,03/JUL/08,1
110482,173478,264794,91,"N","Each",1312695,1500,209,,,,03/JUL/08,03/JUL/08,1
110482,173479,264795,91,"N","Each",1279812,2300,209,,,,03/JUL/08,03/JUL/08,1
110482,173480,264796,91,"N","Each",420160,500,209,,,,03/JUL/08,03/JUL/08,1
110482,173481,264797,91,"N","Each",666192,600,209,,,,03/JUL/08,03/JUL/08,1
110619,173669,265176,1,"N","Each",37075,1,204,,,,07/JUL/08,07/JUL/08,1
110620,173670,265177,1,"N","Each",2606,1,204,,,,07/JUL/08,07/JUL/08,1
110797,173887,265604,1,"N","EA",847,1,204,,,,09/JUL/08,09/JUL/08,1
110798,173888,265605,1,"N","Each",35848,1,204,,,,09/JUL/08,09/JUL/08,1
110959,174089,265897,1,"N","Each",3148,1,204,,,,11/JUL/08,11/JUL/08,1
110960,174090,265898,1,"N","Each",3083,1,204,,,,11/JUL/08,11/JUL/08,1
111513,174788,267134,1,"N","Each",499,1,204,,,,21/JUL/08,21/JUL/08,1
111335,174575,266704,1,"N","EA",901,1,204,,,,17/JUL/08,17/JUL/08,1
111553,174828,267173,2757,"N","Each",15000,100,207,,,,21/JUL/08,21/JUL/08,1
112622,176078,269749,1,"N","Each",3088,1,204,,,,12/AUG/08,12/AUG/08,1
112621,176077,269748,1,"N","EA",903,1,204,,,,12/AUG/08,12/AUG/08,1
112620,176076,269747,1,"N","Each",3153,1,204,,,,12/AUG/08,12/AUG/08,1
112279,175633,268899,91,"N","Each",3360,1600,209,,,,05/AUG/08,05/AUG/08,1
112279,175634,268900,91,"N","Each",868280,2800,209,,,,05/AUG/08,05/AUG/08,1
112279,175635,268901,91,"N","Each",988350,1000,209,,,,05/AUG/08,05/AUG/08,1
112280,175636,268902,91,"N","Each",350000,1400,209,,,,05/AUG/08,05/AUG/08,1
112280,175637,268903,91,"N","Each",581840,1400,209,,,,05/AUG/08,05/AUG/08,1
112281,175638,268904,91,"N","Each",468195,1300,209,,,,05/AUG/08,05/AUG/08,1
112282,175639,268905,91,"N","Each",2086950,1000,209,,,,05/AUG/08,05/AUG/08,1
112282,175640,268906,91,"N","Each",3187500,1000,209,,,,05/AUG/08,05/AUG/08,1
112283,175641,268907,91,"N","Each",79543,1700,209,,,,05/AUG/08,05/AUG/08,1
112283,175642,268908,91,"N","Each",507584,800,209,,,,05/AUG/08,05/AUG/08,1
112339,175693,269053,1,"N","Each",2610,1,204,,,,06/AUG/08,06/AUG/08,1
112360,175716,269082,1,"N","Each",37133,1,204,,,,07/AUG/08,07/AUG/08,1
112440,175796,269243,1,"N","EA",848,1,204,,,,08/AUG/08,08/AUG/08,1
112441,175797,269244,1,"N","Each",35905,1,204,,,,08/AUG/08,08/AUG/08,1
112283,175643,268909,91,"N","Each",1312695,1500,209,,,,05/AUG/08,05/AUG/08,1
112283,175644,268910,91,"N","Each",1279812,2300,209,,,,05/AUG/08,05/AUG/08,1
112283,175645,268911,91,"N","Each",420160,500,209,,,,05/AUG/08,05/AUG/08,1
112283,175646,268912,91,"N","Each",666192,600,209,,,,05/AUG/08,05/AUG/08,1
114397,178413,274878,1,"N","Each",513,1,204,,,,19/SEP/08,19/SEP/08,1
114277,178293,274498,1,"N","EA",925,1,204,,,,17/SEP/08,17/SEP/08,1
113958,177914,273519,1,"N","Each",3165,1,204,,,,11/SEP/08,11/SEP/08,1
113957,177913,273518,1,"N","Each",3232,1,204,,,,11/SEP/08,11/SEP/08,1
113640,177596,272923,1,"N","Each",36798,1,204,,,,09/SEP/08,09/SEP/08,1
113639,177595,272922,1,"N","Each",2675,1,204,,,,09/SEP/08,09/SEP/08,1
113638,177594,272921,1,"N","EA",869,1,204,,,,09/SEP/08,09/SEP/08,1
113637,177593,272920,1,"N","Each",38057,1,204,,,,09/SEP/08,09/SEP/08,1
112811,176351,270356,1,"N","Each",500,1,204,,,,19/AUG/08,19/AUG/08,1
113234,176913,271738,91,"N","Each",3360,1600,209,,,,02/SEP/08,02/SEP/08,1
113234,176914,271739,91,"N","Each",868280,2800,209,,,,02/SEP/08,02/SEP/08,1
113234,176915,271740,91,"N","Each",988350,1000,209,,,,02/SEP/08,02/SEP/08,1
113235,176916,271741,91,"N","Each",350000,1400,209,,,,02/SEP/08,02/SEP/08,1
113235,176917,271742,91,"N","Each",581840,1400,209,,,,02/SEP/08,02/SEP/08,1
113236,176918,271743,91,"N","Each",468195,1300,209,,,,02/SEP/08,02/SEP/08,1
113237,176919,271744,91,"N","Each",2086950,1000,209,,,,02/SEP/08,02/SEP/08,1
113237,176920,271745,91,"N","Each",3187500,1000,209,,,,02/SEP/08,02/SEP/08,1
113238,176921,271746,91,"N","Each",79543,1700,209,,,,02/SEP/08,02/SEP/08,1
113238,176922,271747,91,"N","Each",507584,800,209,,,,02/SEP/08,02/SEP/08,1
113238,176923,271748,91,"N","Each",1312695,1500,209,,,,02/SEP/08,02/SEP/08,1
113238,176924,271749,91,"N","Each",1279812,2300,209,,,,02/SEP/08,02/SEP/08,1
113238,176925,271750,91,"N","Each",420160,500,209,,,,02/SEP/08,02/SEP/08,1
113238,176926,271751,91,"N","Each",666192,600,209,,,,02/SEP/08,02/SEP/08,1
116487,180828,280510,1353,"N","HRS",618800,1768,20795,,,,09/OCT/08,09/OCT/08,1
116489,180830,280512,1354,"N","Week",124800,4.8,20795,,,,02/OCT/08,02/OCT/08,1
116489,180831,280513,1354,"N","Week",624000,24,20795,,,,17/OCT/08,17/OCT/08,1
116547,180868,280629,2662,"N","Hour",2400,1,204,38375,46140,,,,1
116549,180870,280631,2665,"N","Hour",1200,1,2005,38375,46148,,,,1
115298,179359,276825,91,"N","Each",3360,1600,209,,,,02/OCT/08,02/OCT/08,1
115298,179360,276826,91,"N","Each",868280,2800,209,,,,02/OCT/08,02/OCT/08,1
115298,179361,276827,91,"N","Each",988350,1000,209,,,,02/OCT/08,02/OCT/08,1
115299,179362,276828,91,"N","Each",350000,1400,209,,,,02/OCT/08,02/OCT/08,1
115299,179363,276829,91,"N","Each",581840,1400,209,,,,02/OCT/08,02/OCT/08,1
115300,179364,276830,91,"N","Each",468195,1300,209,,,,02/OCT/08,02/OCT/08,1
115301,179365,276831,91,"N","Each",2086950,1000,209,,,,02/OCT/08,02/OCT/08,1
115301,179366,276832,91,"N","Each",3187500,1000,209,,,,02/OCT/08,02/OCT/08,1
115302,179367,276833,91,"N","Each",79543,1700,209,,,,02/OCT/08,02/OCT/08,1
115302,179368,276834,91,"N","Each",507584,800,209,,,,02/OCT/08,02/OCT/08,1
115302,179369,276835,91,"N","Each",1312695,1500,209,,,,02/OCT/08,02/OCT/08,1
115302,179370,276836,91,"N","Each",1279812,2300,209,,,,02/OCT/08,02/OCT/08,1
115302,179371,276837,91,"N","Each",420160,500,209,,,,02/OCT/08,02/OCT/08,1
116367,180688,280270,1,"N","Each",511,1,204,,,,20/OCT/08,20/OCT/08,1
115949,180230,279050,1,"N","Each",3157,1,204,,,,13/OCT/08,13/OCT/08,1
115948,180229,279049,1,"N","EA",923,1,204,,,,13/OCT/08,13/OCT/08,1
115947,180228,279048,1,"N","Each",3224,1,204,,,,13/OCT/08,13/OCT/08,1
115747,179968,277908,1,"N","Each",37962,1,204,,,,10/OCT/08,10/OCT/08,1
115688,179889,277769,1,"N","Each",36706,1,204,,,,09/OCT/08,09/OCT/08,1
115687,179888,277768,1,"N","EA",867,1,204,,,,09/OCT/08,09/OCT/08,1
115567,179708,277449,1,"N","Each",2668,1,204,,,,08/OCT/08,08/OCT/08,1
115302,179372,276838,91,"N","Each",666192,600,209,,,,02/OCT/08,02/OCT/08,1
117030,181397,281738,1353,"N","HRS",118800,264,20795,,,,25/OCT/08,25/OCT/08,1
116488,180829,280511,1354,"N","Week",480000,19.2,20795,,,,06/OCT/08,06/OCT/08,1
116890,181237,281418,30,"N","Each",64532,68,20795,,,,24/OCT/08,24/OCT/08,1
117031,181398,281739,1354,"N","Week",374400,14.4,20795,,,,25/OCT/08,25/OCT/08,1
117150,181557,282098,2758,"N","Each",42500,100,207,,,,30/NOV/09,30/NOV/09,1
117430,181917,282638,1354,"N","Week",119600,4.6,20795,,,,02/NOV/08,02/NOV/08,1
117310,181697,282338,31,"N","Each",2000,50,204,,,,29/NOV/08,29/NOV/08,1
117310,181698,282339,114,"N","Each",3738,89,204,,,,29/NOV/08,29/NOV/08,1
117311,181699,282340,31,"N","Each",5000,100,204,,,,29/NOV/08,29/NOV/08,1
117311,181700,282341,114,"N","Each",3600,100,204,,,,29/NOV/08,29/NOV/08,1
117311,181701,282342,114,"N","Each",484,11,204,,,,29/NOV/08,29/NOV/08,1
117890,182477,283798,1353,"N","HRS",73200,183,20795,,,,10/NOV/08,10/NOV/08,1
117891,182478,283799,1353,"N","HRS",585200,1672,20795,,,,10/NOV/08,10/NOV/08,1
118477,183093,285616,30,"N","Each",60736,64,20795,,,,20/NOV/08,20/NOV/08,1
118478,183094,285617,36,"N","Each",16000,320,20795,,,,20/NOV/08,20/NOV/08,1
118479,183095,285618,1354,"N","Week",358800,13.8,20795,,,,20/NOV/08,20/NOV/08,1
118270,182857,285118,36,"N","Each",26950,55,20795,,,,17/NOV/08,17/NOV/08,1
118271,182858,285119,1354,"N","Week",598000,23,20795,,,,17/NOV/08,17/NOV/08,1
118873,183562,286764,21,"N","Each",95000,38,20795,,,,08/DEC/08,08/DEC/08,1
118874,183563,286765,21,"N","Each",40500,27,20795,,,,08/DEC/08,08/DEC/08,1
117431,181918,282640,91,"N","Each",3360,1600,209,,,,03/NOV/08,03/NOV/08,1
117431,181919,282641,91,"N","Each",868280,2800,209,,,,03/NOV/08,03/NOV/08,1
117431,181920,282642,91,"N","Each",988350,1000,209,,,,03/NOV/08,03/NOV/08,1
117432,181921,282643,91,"N","Each",350000,1400,209,,,,03/NOV/08,03/NOV/08,1
117432,181922,282644,91,"N","Each",581840,1400,209,,,,03/NOV/08,03/NOV/08,1
117433,181923,282645,91,"N","Each",468195,1300,209,,,,03/NOV/08,03/NOV/08,1
117434,181924,282646,91,"N","Each",2086950,1000,209,,,,03/NOV/08,03/NOV/08,1
117434,181925,282647,91,"N","Each",3187500,1000,209,,,,03/NOV/08,03/NOV/08,1
117435,181926,282648,91,"N","Each",79543,1700,209,,,,03/NOV/08,03/NOV/08,1
117435,181927,282649,91,"N","Each",507584,800,209,,,,03/NOV/08,03/NOV/08,1
117435,181928,282650,91,"N","Each",1312695,1500,209,,,,03/NOV/08,03/NOV/08,1
117435,181929,282651,91,"N","Each",1279812,2300,209,,,,03/NOV/08,03/NOV/08,1
117435,181930,282652,91,"N","Each",420160,500,209,,,,03/NOV/08,03/NOV/08,1
117435,181931,282653,91,"N","Each",666192,600,209,,,,03/NOV/08,03/NOV/08,1
117690,182217,283219,1,"N","Each",2545,1,204,,,,06/NOV/08,06/NOV/08,1
117750,182277,283379,1,"N","Each",36210,1,204,,,,07/NOV/08,07/NOV/08,1
117892,182479,283800,1354,"N","Week",460000,18.4,20795,,,,08/NOV/08,08/NOV/08,1
117893,182480,283801,1,"N","Each",3075,1,204,,,,10/NOV/08,10/NOV/08,1
117894,182481,283802,1,"N","Each",35012,1,204,,,,10/NOV/08,10/NOV/08,1
117895,182482,283803,1,"N","EA",880,1,204,,,,10/NOV/08,10/NOV/08,1
117990,182597,284119,1,"N","EA",827,1,204,,,,11/NOV/08,11/NOV/08,1
117991,182598,284120,1,"N","Each",488,1,204,,,,11/NOV/08,11/NOV/08,1
117992,182599,284121,1,"N","Each",3011,1,204,,,,11/NOV/08,11/NOV/08,1
118480,183096,285619,1353,"N","HRS",112500,250,20795,,,,20/NOV/08,20/NOV/08,1
118612,183241,286261,1354,"N","Week",109200,4.2,20795,,,,02/DEC/08,02/DEC/08,1
118670,183319,286341,2665,"N","Hour",120,1,204,38375,46148,,,,1
118510,183117,285659,30,"N","Each",10000,2500,207,,,,01/DEC/08,01/DEC/08,1
118510,183118,285660,1,"N","Each",14000,3500,207,,,,02/DEC/08,02/DEC/08,1
119150,184059,287761,3124,"N","Each",1800,100,18168,,,,11/DEC/08,11/DEC/08,1
119150,184060,287762,3124,"N","Each",1600,100,18168,,,,11/DEC/08,11/DEC/08,1
119150,184061,287763,3124,"N","Each",2500,100,18168,,,,11/DEC/08,11/DEC/08,1
119150,184062,287765,3124,"N","Each",1800,100,18168,,,,11/DEC/08,11/DEC/08,1
119150,184063,287766,3124,"N","Each",1800,100,18168,,,,11/DEC/08,11/DEC/08,1
119150,184064,287767,3124,"N","Each",1200,100,18168,,,,11/DEC/08,11/DEC/08,1
119150,184065,287768,3124,"N","Each",1000,100,18168,,,,11/DEC/08,11/DEC/08,1
119150,184066,287764,3124,"N","Each",3200,100,18168,,,,11/DEC/08,11/DEC/08,1
119150,184067,287769,3124,"N","Each",8500,100,18168,,,,11/DEC/08,11/DEC/08,1
119150,184068,287770,3124,"N","Each",20000,100,18168,,,,11/DEC/08,11/DEC/08,1
119232,184146,288008,1353,"N","HRS",540400,1544,20795,,,,11/DEC/08,11/DEC/08,1
119233,184147,288009,1353,"N","HRS",67600,169,20795,,,,11/DEC/08,11/DEC/08,1
119550,184519,289042,1,"N","EA",911,1,204,,,,17/DEC/08,17/DEC/08,1
119331,184260,288243,1,"N","EA",856,1,204,,,,12/DEC/08,12/DEC/08,1
119252,184161,288023,1,"N","Each",3118,1,204,,,,11/DEC/08,11/DEC/08,1
119251,184160,288022,1,"N","Each",505,1,204,,,,11/DEC/08,11/DEC/08,1
119250,184159,288021,1,"N","Each",3184,1,204,,,,11/DEC/08,11/DEC/08,1
119070,183959,287662,1,"N","Each",36258,1,204,,,,10/DEC/08,10/DEC/08,1
118871,183560,286762,1,"N","Each",2635,1,204,,,,08/DEC/08,08/DEC/08,1
118870,183559,286761,1,"N","Each",37499,1,204,,,,08/DEC/08,08/DEC/08,1
119719,184768,289357,36,"N","Each",14800,296,20795,,,,20/DEC/08,20/DEC/08,1
119720,184769,289358,36,"N","Each",24990,51,20795,,,,19/DEC/08,19/DEC/08,1
118613,183242,286263,91,"N","Each",3360,1600,209,,,,02/DEC/08,02/DEC/08,1
118613,183243,286264,91,"N","Each",868280,2800,209,,,,02/DEC/08,02/DEC/08,1
118613,183244,286265,91,"N","Each",988350,1000,209,,,,02/DEC/08,02/DEC/08,1
118614,183245,286266,91,"N","Each",350000,1400,209,,,,02/DEC/08,02/DEC/08,1
118614,183246,286267,91,"N","Each",581840,1400,209,,,,02/DEC/08,02/DEC/08,1
118615,183247,286268,91,"N","Each",468195,1300,209,,,,02/DEC/08,02/DEC/08,1
118616,183248,286269,91,"N","Each",2086950,1000,209,,,,02/DEC/08,02/DEC/08,1
118616,183249,286270,91,"N","Each",3187500,1000,209,,,,02/DEC/08,02/DEC/08,1
118617,183250,286271,91,"N","Each",79543,1700,209,,,,02/DEC/08,02/DEC/08,1
118617,183251,286272,91,"N","Each",507584,800,209,,,,02/DEC/08,02/DEC/08,1
118617,183252,286273,91,"N","Each",1312695,1500,209,,,,02/DEC/08,02/DEC/08,1
118617,183253,286274,91,"N","Each",1279812,2300,209,,,,02/DEC/08,02/DEC/08,1
118617,183254,286275,91,"N","Each",420160,500,209,,,,02/DEC/08,02/DEC/08,1
118617,183255,286276,91,"N","Each",666192,600,209,,,,02/DEC/08,02/DEC/08,1
119673,184629,289190,1354,"N","Week",546000,21,20795,,,,18/DEC/08,18/DEC/08,1
118872,183561,286763,1354,"N","Week",420000,16.8,20795,,,,08/DEC/08,08/DEC/08,1
119755,184891,289551,36,"N","Each",14800,296,20795,,,,23/DEC/08,23/DEC/08,1
119756,184892,289552,1354,"N","Week",327600,12.6,20795,,,,23/DEC/08,23/DEC/08,1
119757,184893,289553,36,"N","Each",24990,51,20795,,,,23/DEC/08,23/DEC/08,1
119758,184894,289554,30,"N","Each",55991,59,20795,,,,23/DEC/08,23/DEC/08,1
119754,184890,289550,1353,"N","HRS",104400,232,20795,,,,23/DEC/08,23/DEC/08,1
119860,185145,290054,1,"N","Each",36641,1,204,,,,06/JAN/09,06/JAN/09,1
119861,185146,290055,1,"N","EA",837,1,204,,,,06/JAN/09,06/JAN/09,1
119862,185147,290056,1,"N","Each",3112,1,204,,,,06/JAN/09,06/JAN/09,1
119868,185154,290099,1,"N","Each",2575,1,204,,,,07/JAN/09,07/JAN/09,1
119896,185262,290279,1,"N","Each",35428,1,204,,,,09/JAN/09,09/JAN/09,1
119936,185376,290522,1,"N","Each",494,1,204,,,,13/JAN/09,13/JAN/09,1
120089,185902,291259,2757,"N","Each",3800,50,209,,,,22/JAN/09,22/JAN/09,1
120098,185966,291345,1353,"N","HRS",108450,241,20795,,,,23/JAN/09,23/JAN/09,1
119922,185330,290407,1,"N","EA",891,1,204,,,,12/JAN/09,12/JAN/09,1
120037,185696,290953,1353,"N","HRS",565600,1616,20795,,,,03/JAN/09,03/JAN/09,1
120039,185698,290955,1354,"N","Week",114400,4.4,20795,,,,02/JAN/09,02/JAN/09,1
120039,185699,290956,1354,"N","Week",572000,22,20795,,,,17/JAN/09,17/JAN/09,1
120040,185700,290957,1353,"N","HRS",70400,176,20795,,,,03/JAN/09,03/JAN/09,1
120041,185701,290958,36,"N","Each",25970,53,20795,,,,19/JAN/09,19/JAN/09,1
120058,185776,291068,36,"N","Each",15450,309,20795,,,,20/JAN/09,20/JAN/09,1
120090,185903,291260,2757,"Y","Each",3800,50,207,,,,22/JAN/09,22/JAN/09,1
120090,185904,291261,2757,"Y","Each",6500,50,207,,,,22/JAN/09,22/JAN/09,1
119969,185455,290663,1,"N","Each",3047,1,204,,,,15/JAN/09,15/JAN/09,1
120038,185697,290954,1354,"N","Week",440000,17.6,20795,,,,09/JAN/09,09/JAN/09,1
120191,186135,291688,1354,"N","Week",117000,4.5,20795,,,,02/FEB/09,02/FEB/09,1
120192,186136,291690,1,"N","Each",36503,1,204,,,,02/FEB/09,02/FEB/09,1
120193,186137,291691,1,"N","EA",834,1,204,,,,02/FEB/09,02/FEB/09,1
120122,186029,291441,1354,"N","Week",343200,13.2,20795,,,,25/JAN/09,25/JAN/09,1
120123,186030,291442,30,"N","Each",58838,62,20795,,,,24/JAN/09,24/JAN/09,1
120223,186227,291801,1353,"N","HRS",72000,180,20795,,,,03/FEB/09,03/FEB/09,1
120224,186228,291802,1353,"N","HRS",576800,1648,20795,,,,03/FEB/09,03/FEB/09,1
120237,186275,291896,1,"N","Each",3100,1,204,,,,04/FEB/09,04/FEB/09,1
120245,186298,292026,1,"N","Each",2565,1,204,,,,06/FEB/09,06/FEB/09,1
120288,186435,292211,1,"N","Each",35296,1,204,,,,09/FEB/09,09/FEB/09,1
120313,186526,292368,1,"N","EA",887,1,204,,,,10/FEB/09,10/FEB/09,1
120352,186569,292505,1,"N","Each",492,1,204,,,,12/FEB/09,12/FEB/09,1
120442,186834,292840,36,"N","Each",26460,54,20795,,,,17/FEB/09,17/FEB/09,1
120443,186835,292841,1354,"N","Week",585000,22.5,20795,,,,17/FEB/09,17/FEB/09,1
120504,186956,293059,36,"N","Each",15900,318,20795,,,,20/FEB/09,20/FEB/09,1
120401,186736,292717,1,"N","Each",3036,1,204,,,,16/FEB/09,16/FEB/09,1
120573,187142,293322,2758,"N","Each",2160,30,1996,,,,24/FEB/09,24/FEB/09,1
120573,187143,293323,2758,"N","Each",2362.5,25,1996,,,,24/FEB/09,24/FEB/09,1
120573,187144,293324,2758,"N","Each",175,20,1996,,,,24/FEB/09,24/FEB/09,1
120574,187145,293325,2758,"N","Each",2850,38,1996,,,,24/FEB/09,24/FEB/09,1
120574,187146,293326,2758,"N","Each",3731,41,1996,,,,24/FEB/09,24/FEB/09,1
120574,187147,293327,2758,"N","Each",438.75,39,1996,,,,24/FEB/09,24/FEB/09,1
120575,187148,293328,2758,"N","Each",3234,44,1996,,,,24/FEB/09,24/FEB/09,1
120575,187149,293329,2758,"N","Each",4750,50,1996,,,,24/FEB/09,24/FEB/09,1
120575,187150,293330,2758,"N","Each",630,70,1996,,,,24/FEB/09,24/FEB/09,1
120576,187151,293331,2758,"N","Each",2088,29,1997,,,,24/FEB/09,24/FEB/09,1
120576,187152,293332,2758,"N","Each",2929.5,31,1997,,,,24/FEB/09,24/FEB/09,1
120576,187153,293333,2758,"N","Each",210,24,1997,,,,24/FEB/09,24/FEB/09,1
120577,187154,293334,2758,"N","Each",2830.5,37,1997,,,,24/FEB/09,24/FEB/09,1
120577,187155,293335,2758,"N","Each",3281,34,1997,,,,24/FEB/09,24/FEB/09,1
120577,187156,293336,2758,"N","Each",252.8,32,1997,,,,24/FEB/09,24/FEB/09,1
120578,187157,293337,2758,"N","Each",3799.5,51,1997,,,,24/FEB/09,24/FEB/09,1
120578,187158,293338,2758,"N","Each",5060,55,1997,,,,24/FEB/09,24/FEB/09,1
120578,187159,293339,2758,"N","Each",594.75,65,1997,,,,24/FEB/09,24/FEB/09,1
120541,187078,293226,1353,"N","HRS",112050,249,20795,,,,23/FEB/09,23/FEB/09,1
120567,187132,293303,30,"N","Each",59787,63,20795,,,,24/FEB/09,24/FEB/09,1
120568,187133,293304,1354,"N","Week",351000,13.5,20795,,,,24/FEB/09,24/FEB/09,1
